people_id,name,first_name,middle_name,last_name,suffix,nickname,party_id,party,role_id,role,district,followthemoney_eid,votesmart_id,opensecrets_id,ballotpedia,knowwho_pid,committee_id
5629,"Finance, Revenue and Bonding Committee",,,,,,0,,3,Jnt,,0,0,,,0,1346
5631,"Martin Looney",Martin,M.,Looney,,,1,D,2,Sen,SD-011,13011269,7117,,Martin_Looney,193219,0
5639,"John Fonfara",John,W.,Fonfara,,,1,D,2,Sen,SD-001,6404914,7180,,John_Fonfara,193209,0
5650,"Susan Johnson",Susan,M.,Johnson,,,1,D,1,Rep,HD-049,12998231,22189,,Susan_Johnson_(Connecticut_Representative),271897,0
5662,"Mary Mushinsky",Mary,M.,Mushinsky,,,1,D,1,Rep,HD-085,3709750,7230,,Mary_Mushinsky,193328,0
5664,"Toni Walker",Toni,E.,Walker,,,1,D,1,Rep,HD-093,6415526,30545,,Toni_Walker,425080,0
5667,"Juan Candelaria",Juan,R.,Candelaria,,,1,D,1,Rep,HD-095,6404765,30401,,Juan_Candelaria,212425,0
5671,"Insurance and Real Estate Committee",,,,,,0,,3,Jnt,,0,0,,,0,1352
5683,"Larry Butler",Larry,B.,Butler,,,1,D,1,Rep,HD-072,12998278,68422,,Larry_Butler_(Connecticut),249608,0
5686,"Robert Duff",Robert,B.,Duff,,Bob,1,D,2,Sen,SD-025,6378460,30430,,Bob_Duff_(Connecticut),210076,0
5689,"Higher Education and Employment Advancement Committee",,,,,,0,,3,Jnt,,0,0,,,0,1349
5711,"Matthew Lesser",Matthew,,Lesser,,Matt,1,D,2,Sen,SD-009,6495377,107330,,Matthew_Lesser,272155,0
5715,"Labor and Public Employees Committee",,,,,,0,,3,Jnt,,0,0,,,0,1355
5721,"Patricia Miller",Patricia,Billie,Miller,,,1,D,2,Sen,SD-027,6495398,105769,,Patricia_Miller_(Connecticut),271908,0
5722,"Human Services Committee",,,,,,0,,3,Jnt,,0,0,,,0,1351
5723,"John Kissel",John,A.,Kissel,,,2,R,2,Sen,SD-007,6574399,7116,,John_Kissel,193215,0
5726,"Jason Perillo",Jason,D.,Perillo,,,2,R,1,Rep,HD-113,6678301,106368,,Jason_Perillo,259488,0
5728,"Kevin Ryan",Kevin,,Ryan,,,1,D,1,Rep,HD-139,6378351,7247,,Kevin_Ryan,193382,0
5729,"Commerce Committee",,,,,,0,,3,Jnt,,0,0,,,0,1341
5731,"Environment Committee",,,,,,0,,3,Jnt,,0,0,,,0,1344
5734,"General Law Committee",,,,,,0,,3,Jnt,,0,0,,,0,1347
5741,"Public Safety and Security Committee",,,,,,0,,3,Jnt,,0,0,,,0,1360
5750,"Jason Rojas",Jason,,Rojas,,,1,D,1,Rep,HD-009,6495441,72915,,Jason_Rojas,271892,0
5753,"Energy and Technology Committee",,,,,,0,,3,Jnt,,0,0,,,0,1343
5759,"Planning and Development Committee",,,,,,0,,3,Jnt,,0,0,,,0,1357
5767,"Bob Godfrey",Bob,,Godfrey,,,1,D,1,Rep,HD-110,6384109,7193,,Bob_Godfrey,193353,0
5768,"Judiciary Committee",,,,,,0,,3,Jnt,,0,0,,,0,1354
5769,"Public Health Committee",,,,,,0,,3,Jnt,,0,0,,,0,1359
5770,"Henry Genga",Henry,J.,Genga,,,1,D,1,Rep,HD-010,12998148,58698,,Henry_Genga,242318,0
5774,"Education Committee",,,,,,0,,3,Jnt,,0,0,,,0,1342
5775,"Government Administration and Elections Committee",,,,,,0,,3,Jnt,,0,0,,,0,1348
5776,"Housing Committee",,,,,,0,,3,Jnt,,0,0,,,0,1350
5778,"Transportation Committee",,,,,,0,,3,Jnt,,0,0,,,0,1362
5779,"Vincent Candelora",Vincent,J.,Candelora,,,2,R,1,Rep,HD-086,6672696,65266,,Vincent_Candelora,249614,0
5780,"Appropriations Committee",,,,,,0,,3,Jnt,,0,0,,,0,1338
5785,"Douglas McCrory",Douglas,,McCrory,,,1,D,2,Sen,SD-002,6462135,30617,,Douglas_McCrory,227620,0
5789,"Minnie Gonzalez",Minnie,,Gonzalez,,,1,D,1,Rep,HD-003,6404529,14045,,Minnie_Gonzalez,193246,0
5793,"Tony Hwang",Tony,,Hwang,,,2,R,2,Sen,SD-028,6678237,107374,,Tony_Hwang,272135,0
5802,"Mae Flexer",Mae,M.,Flexer,,,1,D,2,Sen,SD-029,12998216,107174,,Mae_Flexer,238509,0
5807,"Patricia Dillon",Patricia,A.,Dillon,,,1,D,1,Rep,HD-092,12998314,7169,,Patricia_Dillon,193335,0
5818,"Gary Winfield",Gary,A.,Winfield,,,1,D,2,Sen,SD-010,6495500,109789,,Gary_Winfield,502770,0
5825,"John Piscopo",John,E.,Piscopo,,,2,R,1,Rep,HD-076,6608846,7238,,John_Piscopo,193319,0
5829,"Joan Hartley",Joan,V.,Hartley,,,1,D,2,Sen,SD-015,6384130,7199,,Joan_Hartley,209114,0
10806,"Robert Sampson",Robert,C.,Sampson,,Rob,2,R,2,Sen,SD-016,6691855,126739,,Robert_C._Sampson,295785,0
10807,"Matthew Ritter",Matthew,,Ritter,,,1,D,1,Rep,HD-001,6508453,105698,,Matthew_Ritter,295748,0
10808,"Christie Carpino",Christie,M.,Carpino,,,2,R,1,Rep,HD-032,6691705,126662,,Christie_Carpino,295683,0
10812,"Dave Yaccarino",Dave,W.,Yaccarino,,,2,R,1,Rep,HD-087,6691868,126766,,David_Yaccarino_Jr.,295711,0
10813,"Geoffrey Luxenberg",Geoffrey,R.,Luxenberg,,Geoff,1,D,1,Rep,HD-012,6508461,126641,,Geoff_Luxenberg,295676,0
10945,"Roland Lemar",Roland,J.,Lemar,,,1,D,1,Rep,HD-096,6508566,72566,,Roland_J._Lemar,295713,0
11150,"Jonathan Steinberg",Jonathan,,Steinberg,,,1,D,1,Rep,HD-136,6508601,126732,,Jonathan_Steinberg_(Connecticut),295814,0
11372,"Aging Committee",,,,,,0,,3,Jnt,,0,0,,,0,1364
11373,"Timothy Ackert",Timothy,J.,Ackert,,,2,R,1,Rep,HD-008,6672682,65445,,Tim_Ackert,295750,0
11374,"Gregory Haddad",Gregory,,Haddad,,,1,D,1,Rep,HD-054,12998241,126701,,Gregory_Haddad,295774,0
12903,"Robert Sanchez",Robert,C.,Sanchez,,Bobby,1,D,1,Rep,HD-025,6513715,128767,,Bobby_Sanchez,332458,0
13879,"Rick Lopes",Rick,,Lopes,,,1,D,2,Sen,SD-006,7202269,138610,,Rick_Lopes,238581,0
14399,"Jay Case",Jay,M.,Case,,,2,R,1,Rep,HD-063,12998256,141157,,Jay_Case,412558,0
14845,"David Rutigliano",David,J.,Rutigliano,,,2,R,1,Rep,HD-123,7093050,141203,,David_Rutigliano,393251,0
14846,"Lezlye Zupkus",Lezlye,,Zupkus,,,2,R,1,Rep,HD-089,7492334,141175,,Lezlye_Zupkus,420197,0
14847,"Mike Demicco",Mike,,Demicco,,,1,D,1,Rep,HD-021,6508492,126653,,Mike_Demicco,295679,0
14848,"Catherine Osten",Catherine,A.,Osten,,,1,D,2,Sen,SD-019,6508501,126682,,Catherine_Osten,295693,0
15085,"James Maroney",James,J.,Maroney,,,1,D,2,Sen,SD-014,7268973,141199,,James_Maroney,399548,0
15087,"Mitch Bolinsky",Mitch,,Bolinsky,,,2,R,1,Rep,HD-106,12998339,141185,,Mitch_Bolinsky,425085,0
15088,"Tom O'Dea",Tom,,O'Dea,,,2,R,1,Rep,HD-125,7489275,141206,,Tom_O%27Dea,412636,0
15293,"Hilda Santiago",Hilda,E.,Santiago,,,1,D,1,Rep,HD-084,7204738,72832,,Hilda_Santiago,254296,0
16029,"Committee on Children",,,,,,0,,3,Jnt,,0,0,,,0,3051
16245,"Tami Zawistowski",Tami,W.,Zawistowski,,,2,R,1,Rep,HD-061,7115744,141155,,Tami_Zawistowski,399531,0
16432,"Devin Carney",Devin,R.,Carney,,,2,R,1,Rep,HD-023,23618279,154824,,Devin_R._Carney,502812,0
16433,"Douglas Dubitsky",Douglas,,Dubitsky,,Doug,2,R,1,Rep,HD-047,7151060,126628,,Doug_Dubitsky,287800,0
16436,"Kurt Vail",Kurt,A.,Vail,,,2,R,1,Rep,HD-052,25761305,154847,,Kurt_Vail,502846,0
16527,"Henri Martin",Henri,B.,Martin,,,2,R,2,Sen,SD-031,23606994,142336,,Henri_Martin,502789,0
16650,"Ben Mcgorty",Ben,,McGorty,,,2,R,1,Rep,HD-122,7337295,154897,,Ben_McGorty,503011,0
16706,"Christine Pavalock-D'Amato",Christine,,Pavalock-D'Amato,,Cara,2,R,1,Rep,HD-077,13889258,142184,,Cara_Pavalock-D%27Amato,425629,0
16790,"Aundre Bumgardner",Aundre,,Bumgardner,,,1,D,1,Rep,HD-041,25761020,154841,,Aundre_Bumgardner,502831,0
16955,"Eric Berthel",Eric,C.,Berthel,,,2,R,2,Sen,SD-032,16022115,154862,,Eric_C._Berthel,502900,0
17222,"Andre Baker",Andre,F.,Baker,Jr.,,1,D,1,Rep,HD-124,26222859,81211,,Andre_Baker,508458,0
17224,"Christopher Rosario",Christopher,,Rosario,,,1,D,1,Rep,HD-128,23438354,154901,,Christopher_Rosario,503014,0
17225,"Cristin McCarthy Vahey",Cristin,,"McCarthy Vahey",,,1,D,1,Rep,HD-133,7191096,142453,,Cristin_McCarthy_Vahey,503022,0
17530,"Banking Committee",,,,,,0,,3,Jnt,,0,0,,,0,3144
17688,"Steven Stafstrom",Steven,J.,Stafstrom,,,1,D,1,Rep,HD-129,7114054,156183,,Steven_Stafstrom,528237,0
17689,"Stephen Harding",Stephen,G.,Harding,,,2,R,2,Sen,SD-030,29168403,156178,,Stephen_Harding_Jr.,528481,0
17916,"Joseph Gresko",Joseph,P.,Gresko,,,1,D,1,Rep,HD-121,7210325,170766,,Joe_Gresko,568126,0
17939,"Geraldo Reyes",Geraldo,C.,Reyes,Jr.,Gerald,1,D,1,Rep,HD-075,7256579,142917,,Geraldo_Reyes,581261,0
18237,"Carol Hall",Carol,,Hall,,,2,R,1,Rep,HD-059,6691670,126649,,Carol_Hall,581237,0
18256,"Alphonse Paolillo",Alphonse,,Paolillo,Jr.,,1,D,1,Rep,HD-097,42054959,72582,,Alphonse_Paolillo,586210,0
18260,"Derek Slap",Derek,M.,Slap,,,1,D,2,Sen,SD-005,15519879,172159,,Derek_Slap,352795,0
18262,"Joshua Elliott",Joshua,,Elliott,,Josh,1,D,1,Rep,HD-088,35163379,172255,,Joshua_Elliott_(Connecticut),581322,0
18263,"Liz Linehan",Liz,,Linehan,,,1,D,1,Rep,HD-103,12998331,141182,,Liz_Linehan,425083,0
18266,"Patrick Boyd",Patrick,S.,Boyd,,Pat,1,D,1,Rep,HD-050,42054933,172208,,Pat_Boyd,581228,0
18268,"Anne Dauphinais",Anne,Dubay,Dauphinais,,,2,R,1,Rep,HD-044,42054930,172193,,Anne_Dauphinais,586180,0
18270,"Craig Fishbein",Craig,C.,Fishbein,,,2,R,1,Rep,HD-090,7083064,130445,,Craig_Fishbein,581325,0
18278,"Tom Delnicki",Tom,,Delnicki,,,2,R,1,Rep,HD-014,14261739,172152,,Tom_Delnicki,581192,0
18279,"William Buckbee",William,,Buckbee,,Bill,2,R,1,Rep,HD-067,42054942,173314,,William_Buckbee,592625,0
18281,"Nicole Klarides-Ditria",Nicole,,Klarides-Ditria,,,2,R,1,Rep,HD-105,7095789,172269,,Nicole_Klarides-Ditria,581328,0
18667,"Heather Bond Somers",Heather,S.,"Bond Somers",,,2,R,2,Sen,SD-018,15771250,142461,,Heather_Somers,502697,0
19372,"Joe Polletta",Joe,,Polletta,,,2,R,1,Rep,HD-068,25761234,154863,,Joe_Polletta,502901,0
19373,"Joshua Hall",Joshua,Malik,Hall,,,1,D,1,Rep,HD-007,43550086,176210,,Joshua_Malik_Hall,623632,0
19557,"Bobby Gibson",Bobby,G.,Gibson,,,1,D,1,Rep,HD-015,44284900,177595,,Bobby_Gibson,648457,0
19662,"Julio Concepcion",Julio,A.,Concepcion,,,1,D,1,Rep,HD-004,45364624,173047,,Julio_Concepcion,669129,0
20272,"Anne Hughes",Anne,,Hughes,,,1,D,1,Rep,HD-135,45400086,185774,,Anne_Hughes,662204,0
20273,"Christine Cohen",Christine,,Cohen,,,1,D,2,Sen,SD-012,45400285,185729,,Christine_Cohen,662238,0
20277,"Gary Turco",Gary,A.,Turco,,,1,D,1,Rep,HD-027,45399967,185683,,Gary_Turco,669500,0
20278,"Irene Haines",Irene,M.,Haines,,,2,R,1,Rep,HD-034,45400137,185688,,Irene_Haines,662206,0
20279,"Jane Garibay",Jane,M.,Garibay,,,1,D,1,Rep,HD-060,7635934,183882,,Jane_Garibay,662067,0
20280,"Jillian Gilchrest",Jillian,,Gilchrest,,,1,D,1,Rep,HD-018,45399958,183874,,Jillian_Gilchrest,650155,0
20281,"Julie Kushner",Julie,,Kushner,,,1,D,2,Sen,SD-024,45400305,185761,,Julie_Kushner,653917,0
20282,"Kara Rochelle",Kara,,Rochelle,,,1,D,1,Rep,HD-104,45400054,185741,,Kara_Rochelle,662207,0
20284,"Kenneth Gucker",Kenneth,M.,Gucker,,,1,D,1,Rep,HD-138,7284495,172359,,Kenneth_Gucker,582331,0
20285,"Kerry Szeps Wood",Kerry,,"Szeps Wood",,,1,D,1,Rep,HD-029,45399970,139422,,Kerry_Szeps_Wood,665039,0
20286,"Lucy Dathan",Lucia,,Dathan,,Lucy,1,D,1,Rep,HD-142,45400093,185782,,Lucy_Dathan,669571,0
20288,"Norman Needleman",Norman,M.,Needleman,,Norm,1,D,2,Sen,SD-033,7109146,172370,,Norm_Needleman,581167,0
20289,"Raghib Allie-Brennan",Raghib,,Allie-Brennan,,,1,D,1,Rep,HD-002,45399935,172140,,Raghib_Allie-Brennan,529580,0
20290,"Robin Comey",Robin,E.,Comey,,,1,D,1,Rep,HD-102,45400052,185738,,Robin_Comey,669531,0
20291,"Ronald Napoli",Ronald,A.,Napoli,Jr.,,1,D,1,Rep,HD-073,45400017,130366,,Ronald_Napoli_Jr.,669512,0
20468,"Brian Lanoue",Brian,,Lanoue,,,2,R,1,Rep,HD-045,45400148,185694,,Brian_Lanoue,665045,0
20469,"Jason Doucette",Jason,,Doucette,,,1,D,1,Rep,HD-013,45399951,72359,,Jason_Doucette,662222,0
20825,"Gale Mastrofrancesco",Gale,L.,Mastrofrancesco,,,2,R,1,Rep,HD-080,45400181,185719,,Gale_Mastrofrancesco,654005,0
20913,"Maria Horn",Maria,P.,Horn,,,1,D,1,Rep,HD-064,45400009,185709,,Maria_Horn,662226,0
20915,"Stephen Meskers",Stephen,R.,Meskers,,,1,D,1,Rep,HD-150,45400103,185786,,Steve_Meskers,669573,0
20959,"Kathy Kennedy",Kathleen,,Kennedy,,Kathy,2,R,1,Rep,HD-119,45400220,185758,,Kathy_Kennedy,662235,0
21021,"Travis Simms",Travis,,Simms,,,1,D,1,Rep,HD-140,45400092,130164,,Travis_Simms_(Connecticut),669567,0
21033,"Jill Barry",Jill,,Barry,,,1,D,1,Rep,HD-031,45399972,142456,,Jill_Barry,665041,0
21034,"Matt Blumenthal",Matthew,,Blumenthal,,Matt,1,D,1,Rep,HD-147,45400101,185784,,Matt_Blumenthal,662075,0
21290,"Saud Anwar",Saud,,Anwar,,,1,D,2,Sen,SD-003,14259823,172151,,Saud_Anwar,698156,0
21319,"Anthony Nolan",Anthony,L.,Nolan,,,1,D,1,Rep,HD-039,47156381,186048,,Anthony_Nolan,698193,0
21321,"Joseph Zullo",Joseph,H.,Zullo,,Joe,2,R,1,Rep,HD-099,7163478,186049,,Joseph_Zullo,698194,0
21355,"Tammy Exum",Tammy,M.,Exum,,,1,D,1,Rep,HD-019,47378481,186272,,Tammy_Exum,703883,0
21361,"Antonio Felipe",Antonio,,Felipe,,,1,D,1,Rep,HD-130,47386690,186463,,Antonio_Felipe,705929,0
22089,"Mark Anderson",Mark,W.,Anderson,,,2,R,1,Rep,HD-062,50224694,193997,,Mark_Anderson_(Connecticut),742343,0
22090,"Aimee Berger-Girvalo",Aimee,,Berger-Girvalo,,,1,D,1,Rep,HD-111,45400060,185749,,Aimee_Berger-Girvalo,669540,0
22091,"Pat Callahan",Patrick,E.,Callahan,,Pat,2,R,1,Rep,HD-108,50224775,193983,,Pat_Callahan,742521,0
22092,"Brandon Chafee",Brandon,,Chafee,,,1,D,1,Rep,HD-033,50224636,193907,,Brandon_Chafee,742211,0
22093,"Michael Digiovancarlo",Michael,,Digiovancarlo,,,1,D,1,Rep,HD-074,50224714,173162,,Michael_DiGiovancarlo,742361,0
22094,"Kate Farrar",Kate,,Farrar,,,1,D,1,Rep,HD-020,50224608,193850,,Kate_Farrar,741640,0
22096,"Jaime Foster",Jaime,S.,Foster,,,1,D,1,Rep,HD-057,50871948,195250,,Jaime_Foster,748490,0
22099,"Greg Howard",Greg,S.,Howard,,,2,R,1,Rep,HD-043,50871938,194705,,Greg_Howard_(Connecticut),748487,0
22100,"Eleni Kavros DeGraw",Eleni,,"Kavros DeGraw",,,1,D,1,Rep,HD-017,45399956,185679,,Eleni_Kavros_DeGraw,650153,0
22101,"Jennifer Leeper",Jennifer,,Leeper,,,1,D,1,Rep,HD-132,48592550,188739,,Jennifer_Leeper,742670,0
22102,"Amy Morrin Bello",Amy,,"Morrin Bello",,,1,D,1,Rep,HD-028,50224624,193864,,Amy_Bello,742201,0
22103,"Tammy Nuccio",Tammy,,Nuccio,,,2,R,1,Rep,HD-053,50224676,193939,,Tammy_Nuccio,742331,0
22104,"John-Michael Parker",John-Michael,,Parker,,,1,D,1,Rep,HD-101,50224761,185737,,John-Michael_Parker,662066,0
22105,"Michael Quinn",Michael,D.,Quinn,,,1,D,1,Rep,HD-082,50224729,193989,,Michael_Quinn_(Connecticut),742368,0
22106,"Emmanuel Sanchez",Emmanuel,,Sanchez,,Manny,1,D,1,Rep,HD-024,50224616,193858,,Manny_Sanchez,665622,0
22107,"Frank Smith",Frank,,Smith,,,1,D,1,Rep,HD-118,50224793,142377,,Frank_Smith_(Connecticut),742571,0
22109,"Donna Veach",Donna,,Veach,,,2,R,1,Rep,HD-030,50224629,193876,,Donna_Veach,742203,0
22110,"Mary Welander",Mary,,Welander,,,1,D,1,Rep,HD-114,45400062,185750,,Mary_Welander,662073,0
22168,"Jorge Cabrera",Jorge,,Cabrera,,,1,D,2,Sen,SD-017,45400293,183866,,Jorge_Cabrera,653907,0
22507,"Paul Cicarella",Paul,,Cicarella,Jr.,,2,R,2,Sen,SD-034,50224949,193684,,"Paul_Cicarella,_Jr.",741535,0
22919,"Tony Scott",Tony,J.,Scott,,,2,R,1,Rep,HD-112,53275150,195887,,Tony_Scott,773863,0
22925,"Corey Paris",Corey,P.,Paris,,,1,D,1,Rep,HD-145,53388444,185994,,Corey_Paris,662211,0
22951,"Ryan Fazio",Ryan,,Fazio,,,2,R,2,Sen,SD-036,50224954,193678,,Ryan_Fazio,741539,0
23102,"Hubert Delany",Hubert,D.,Delany,,,1,D,1,Rep,HD-144,54482607,201394,,Hubert_Delany,796486,0
23108,"Trenee McGee",Trenee,,McGee,,,1,D,1,Rep,HD-116,54447928,199728,,Treneé_McGee,793321,0
23111,"William Pizzuto",William,,Pizzuto,,Bill,2,R,1,Rep,HD-071,54484390,201908,,William_Pizzuto,799457,0
23113,"Maryam Khan",Maryam,,Khan,,,1,D,1,Rep,HD-005,54878616,201911,,Maryam_Khan,800095,0
23567,"Cici Maher",Cecilia,,Maher,,Cici,1,D,2,Sen,SD-026,55761686,208763,,Ceci_Maher,0,0
23568,"Herron Gaston",Herron,,Gaston,,,1,D,2,Sen,SD-023,55761679,208759,,Herron_Gaston,0,0
23569,"Jan Hochadel",Jan,,Hochadel,,,1,D,2,Sen,SD-013,55761655,208751,,Jan_Hochadel,0,0
23570,"Karen Reddington-Hughes",Karen,,Reddington-Hughes,,,2,R,1,Rep,HD-066,55761460,0,,Karen_Reddington-Hughes,0,0
23572,"Martha Marx",Martha,,Marx,,,1,D,2,Sen,SD-020,55761672,0,,Martha_Marx,0,0
23573,"MD Rahman",MD,Masudur,Rahman,,,1,D,2,Sen,SD-004,55761636,208745,,MD_Rahman,0,0
23574,"Tracy Marra",Tracy,,Marra,,,2,R,1,Rep,HD-141,55761605,208730,,Tracy_Marra,0,0
23648,"Christopher Poulos",Christopher,,Poulos,,,1,D,1,Rep,HD-081,55761489,199626,,Christopher_Poulos,0,0
23649,"Farley Santos",Farley,,Santos,,,1,D,1,Rep,HD-109,55761539,199752,,Farley_Santos,0,0
23650,"Kevin Brown",Kevin,,Brown,,,1,D,1,Rep,HD-056,55761441,208596,,Kevin_Brown_(Connecticut),0,0
23651,"Mark DeCaprio",Mark,,DeCaprio,,,2,R,1,Rep,HD-048,55761426,185695,,Mark_DeCaprio,0,0
23652,"Melissa Osborne",Melissa,,Osborne,,,1,D,1,Rep,HD-016,55761359,154755,,Melissa_Osborne,0,0
23653,"Sarah Keitt",Sarah,,Keitt,,,1,D,1,Rep,HD-134,55761592,0,,Sarah_Keitt,0,0
23762,"Chris Aniskovich",Christopher,,Aniskovich,,Chris,2,R,1,Rep,HD-035,55761398,0,,Chris_Aniskovich,0,0
23831,"Hector Arzeno",Hector,,Arzeno,,,1,D,1,Rep,HD-151,55761625,193755,,Hector_Arzeno,0,0
23832,"Seth Bronko",Seth,,Bronko,,,2,R,1,Rep,HD-070,55761469,208608,,Seth_Bronko,0,0
23833,"Marcus Brown",Marcus,,Brown,,,1,D,1,Rep,HD-127,55761578,199637,,Marcus_Brown,0,0
23837,"Jonathan Fazzino",Jonathan,,Fazzino,,,1,D,1,Rep,HD-083,55761492,0,,Jonathan_Fazzino,0,0
23838,"Martin Foncello",Martin,,Foncello,,,2,R,1,Rep,HD-107,55761534,0,,Marty_Foncello,0,0
23839,"Mary Fortier",Mary,,Fortier,,,1,D,1,Rep,HD-079,55761487,148381,,Mary_Fortier,0,0
23840,"Fred Gee",Fred,,Gee,Jr.,,1,D,1,Rep,HD-126,55761573,208709,,Fred_Gee_Jr.,0,0
23841,"Joe Hoxha",Joe,,Hoxha,,,2,R,1,Rep,HD-078,55761483,208611,,Joe_Hoxha,0,0
23842,"Dominique Johnson",Dominique,,Johnson,,,1,D,1,Rep,HD-143,55761608,208732,,Dominique_Johnson,0,0
23844,"Moira Rader",Moira,,Rader,,,1,D,1,Rep,HD-098,55761520,208688,,Moira_Rader,0,0
23845,"Kadeem Roberts",Kadeem,,Roberts,,,1,D,1,Rep,HD-137,55761597,199776,,Kadeem_Roberts,0,0
23846,"Steve Weir",Stephen,,Weir,,Steve,2,R,1,Rep,HD-055,55761438,193703,,Steve_Weir,0,0
24227,"Jeff Gordon",Jeffrey,,Gordon,,Jeff,2,R,2,Sen,SD-035,55761707,0,,Jeff_Gordon_(Connecticut),0,0
24520,"Derell Wilson",Derell,,Wilson,,,1,D,1,Rep,HD-046,55761420,199774,,Derell_Wilson,814504,0
24871,"Veterans' and Military Affairs Committee",,,,,,0,,3,Jnt,,0,0,,,0,4668
24912,"Kai Belton",Kai,Juanna,Belton,,,1,D,1,Rep,HD-100,58429384,211498,,Kai_Juanna_Belton,0,0
24915,"James Sanchez",James,B.,Sanchez,,Jimmy,1,D,1,Rep,HD-006,58429386,173050,,James_Sánchez_(Connecticut),0,0
25164,"William Heffernan",William,,Heffernan,III,,1,D,1,Rep,HD-115,0,0,,William_Heffernan_III,0,0
25965,"Patrick Biggins",Patrick,,Biggins,,,1,D,1,Rep,HD-011,60490579,220533,,Patrick_Biggins,0,0
25966,"Jason Buchsbaum",Jason,,Buchsbaum,,,2,R,1,Rep,HD-069,55761467,208606,,Jason_Buchsbaum,0,0
25967,"Joe Canino",Joseph,,Canino,,Joe,2,R,1,Rep,HD-065,60009027,219068,,Joe_Canino,0,0
25968,"Eilish Collins Main",Eilish,,"Collins Main",,,1,D,1,Rep,HD-146,60009176,219136,,Eilish_Collins_Main,0,0
25969,"Savet Constantine",Savet,,Constantine,,,1,D,1,Rep,HD-042,60008982,219051,,Savet_Constantine,0,0
25970,"Tina Courpas",Katherine,,Courpas,,Tina,2,R,1,Rep,HD-149,60009183,219139,,Tina_Courpas,0,0
25971,"David DeFronzo",David,,DeFronzo,,,1,D,1,Rep,HD-026,60008953,130135,,David_DeFronzo,0,0
25972,"Nick Gauthier",Nicholas,,Gauthier,,,1,D,1,Rep,HD-038,45718977,183878,,Nick_Gauthier,0,0
25973,"Jonathan Jacobson",Jonathan,,Jacobson,,,1,D,1,Rep,HD-148,60009181,199754,,Jonathan_Jacobson_(Connecticut),0,0
25974,"Arnold Jensen",Arnold,,Jensen,,,2,R,1,Rep,HD-131,60009147,219115,,Arnold_Jensen,0,0
25975,"Renee LaMark Muir",Mary,,"LaMark Muir",,Renee,1,D,1,Rep,HD-036,60008971,219048,,Renee_Muir,0,0
25976,"Rebecca Martinez",Rebecca,,Martinez,,,1,D,1,Rep,HD-022,45823061,208565,,Rebecca_Martinez,0,0
25977,"Nick Menapace",Nicholas,,Menapace,,Nick,1,D,1,Rep,HD-037,55761402,208580,,Nick_Menapace,0,0
25978,"John Santanella",John,,Santanella,,,1,D,1,Rep,HD-058,60009013,219064,,John_Santanella,0,0
25979,"Kaitlyn Shake",Kaitlyn,,Shake,,,1,D,1,Rep,HD-120,60009125,199607,,Kaitlyn_Shake,0,0
25980,"Michael Shannon",Michael,J.,Shannon,,MJ,1,D,1,Rep,HD-117,60009118,219101,,MJ_Shannon,0,0
25981,"Chris Stewart",Chris,,Stewart,,,2,R,1,Rep,HD-051,60008998,219057,,Chris_Stewart_(Connecticut),0,0
25982,"Laurie Sweet",Laurie,,Sweet,,,1,D,1,Rep,HD-091,60009073,219082,,Laurie_Sweet,0,0
25983,"Steven Winter",Steven,,Winter,,,1,D,1,Rep,HD-094,60009078,199276,,Steven_Winter,0,0
25984,"Sujata Gadkar-Wilcox",Sujata,,Gadkar-Wilcox,,,1,D,2,Sen,SD-022,45400073,185762,,Sujata_Gadkar-Wilcox,0,0
25985,"Paul Honig",Paul,,Honig,,,1,D,2,Sen,SD-008,55761645,185715,,Paul_Honig,0,0
26405,"Government Oversight Committee",,,,,,0,,3,Jnt,,0,0,,,0,4992
26420,"Daniel Gaiewski",Daniel,,Gaiewski,,,1,D,1,Rep,HD-040,0,220934,,Dan_Gaiewski,0,0
26463,"Select Committee on Special Education",,,,,,0,,3,Jnt,,0,0,,,0,5213
26464,"Amy Romano",Amy,,Romano,,,2,R,1,Rep,HD-113,0,222633,,Amy_Romano,0,0
