people_id,name,first_name,middle_name,last_name,suffix,nickname,party_id,party,role_id,role,district,followthemoney_eid,votesmart_id,opensecrets_id,ballotpedia,knowwho_pid,committee_id
5483,"Eric Koch",Eric,Allan,Koch,,,2,R,2,Sen,SD-044,6592338,34369,,Eric_Koch,212343,0
5489,"David Niezgodski",David,L.,Niezgodski,,,1,D,2,Sen,SD-010,7320467,57875,,David_Niezgodski,249846,0
5492,"Vernon Smith",Vernon,G.,Smith,,,1,D,1,Rep,HD-014,6392967,4711,,Vernon_Smith,194467,0
5493,"Edmond Soliday",Edmond,,Soliday,,Ed,2,R,1,Rep,HD-004,13000261,69279,,Edmond_Soliday,249843,0
5502,"Gregory Steuerwald",Gregory,E.,Steuerwald,,,2,R,1,Rep,HD-040,6675269,102370,,Gregory_Steuerwald,258706,0
5508,"Sheila Klinker",Sheila,J.,Klinker,,,1,D,1,Rep,HD-027,6392838,4682,,Sheila_Ann_Klinker,194479,0
5514,"Edward Clere",Edward,D.,Clere,,Ed,2,R,1,Rep,HD-072,6675185,102965,,Edward_Clere,270734,0
5518,"Vanessa Summers",Vanessa,J.,Summers,,,1,D,1,Rep,HD-099,6982753,4668,,Vanessa_Summers,194551,0
5532,"Charles Moseley",Charles,A.,Moseley,,Chuck,1,D,1,Rep,HD-010,6451100,18433,,Charles_Moseley,270675,0
5533,"Edward DeLaney",Edward,O.,DeLaney,,,1,D,1,Rep,HD-086,6488565,102868,,Edward_DeLaney,270744,0
5543,"Cherrish Pryor",Cherrish,S.,Pryor,,,1,D,1,Rep,HD-094,6488685,72993,,Cherrish_Pryor,201620,0
5549,"Matt Pierce",Matt,,Pierce,,,1,D,1,Rep,HD-061,6393305,34012,,Matt_Pierce_(Indiana),212335,0
5553,"Ryan Dvorak",Ryan,Michael,Dvorak,,,1,D,1,Rep,HD-008,6393331,34200,,Ryan_Dvorak,194461,0
5556,"John Bartlett",John,L.,Bartlett,,,1,D,1,Rep,HD-095,13000454,102368,,John_Bartlett_(Indiana),261782,0
5557,"Matthew Lehman",Matthew,S.,Lehman,,,2,R,1,Rep,HD-079,6675237,83983,,Matthew_Lehman,270740,0
5560,"Jeffrey Thompson",Jeffrey,A.,Thompson,,,2,R,1,Rep,HD-028,6592184,18500,,Jeffrey_Thompson_(Indiana),194480,0
5566,"Gregory Porter",Gregory,W.,Porter,,,1,D,1,Rep,HD-096,13000455,4704,,Gregory_Porter,194548,0
5567,"Robert Behning",Robert,W.,Behning,,Bob,2,R,1,Rep,HD-091,6591787,4626,,Robert_Behning,194543,0
5569,"Philip GiaQuinta",Philip,,GiaQuinta,,,1,D,1,Rep,HD-080,13000429,58738,,Phil_GiaQuinta,258099,0
5576,"Bruce Borders",Bruce,Alan,Borders,,,2,R,1,Rep,HD-045,6592521,34050,,Bruce_Borders,227380,0
5580,"Ed Charbonneau",Ed,,Charbonneau,,,2,R,2,Sen,SD-005,6675181,88705,,Ed_Charbonneau,257496,0
5581,"Travis Holdman",Travis,,Holdman,,,2,R,2,Sen,SD-019,6682329,100497,,Travis_Holdman,263957,0
5584,"Greg Taylor",Greg,,Taylor,,,1,D,2,Sen,SD-033,6488747,102846,,Greg_Taylor_(Indiana),270774,0
5597,"Michael Young","R. Michael",,Young,,Michael,2,R,2,Sen,SD-035,6591643,4728,,R._Michael_Young_(Indiana),208693,0
5601,"Lonnie Randolph",Lonnie,Marcus,Randolph,,,1,D,2,Sen,SD-002,13011869,4527,,Lonnie_Randolph,270760,0
5605,"James Buck",James,R.,Buck,,Jim,2,R,2,Sen,SD-021,6591905,4631,,James_Buck,194490,0
5608,"Greg Walker",Greg,,Walker,,,2,R,2,Sen,SD-041,13011925,56821,,Greg_Walker,249880,0
5612,"Jean Leising",Jean,,Leising,,,2,R,2,Sen,SD-042,6625456,357,,Jean_Leising,270782,0
5619,"Vaneta Becker",Vaneta,G.,Becker,,,2,R,2,Sen,SD-050,6591528,4625,,Vaneta_Becker,194530,0
5621,"Ronnie Alting",Ronnie,J.,Alting,,,2,R,2,Sen,SD-022,6592155,18533,,Ronnie_Alting,194425,0
5624,"Sue Errington",Sue,E.,Errington,,,1,D,1,Rep,HD-034,6420866,10394,,Sue_Errington,249876,0
5627,"Ryan Mishler",Ryan,D.,Mishler,,,2,R,2,Sen,SD-009,6659155,33992,,Ryan_Mishler,227285,0
10574,"Robert Heaton",Robert,,Heaton,,Bob,2,R,1,Rep,HD-046,6675222,102943,,Bob_Heaton,291487,0
10576,"Robert Morris",Robert,,Morris,,Bob,2,R,1,Rep,HD-084,6697099,127376,,Bob_Morris,300041,0
10577,"Heath VanNatter",Heath,,VanNatter,,,2,R,1,Rep,HD-038,6682164,109780,,Heath_VanNatter,265369,0
10578,"Michael Karickhoff",Michael,,Karickhoff,,Mike,2,R,1,Rep,HD-030,6682140,73052,,Michael_Karickhoff,289910,0
10581,"James Tomes",James,,Tomes,,Jim,2,R,2,Sen,SD-049,6659181,34052,,Jim_Tomes,289903,0
10585,"Susan Glick",Susan,C.,Glick,,Sue,2,R,2,Sen,SD-013,6700210,128689,,Susan_Glick,313085,0
11298,"Wendy McNamara",Wendy,,McNamara,,Mac,2,R,1,Rep,HD-076,6682279,120421,,Wendy_McNamara,291502,0
11394,"Timothy Wesco",Timothy,,Wesco,,,2,R,1,Rep,HD-021,6682118,120359,,Timothy_Wesco,289907,0
11402,"Rodric Bray",Rodric,D.,Bray,,,2,R,2,Sen,SD-037,10246101,136001,,Rodric_D._Bray,447416,0
11445,"Doug Miller",Doug,,Miller,,,2,R,1,Rep,HD-048,21084477,148561,,Doug_Miller_(Indiana),484204,0
14189,"Dale DeVon",Dale,R.,DeVon,,,2,R,1,Rep,HD-005,13000265,86082,,Dale_DeVon,395718,0
14193,"Michael Crider",Michael,R.,Crider,,Mike,2,R,2,Sen,SD-028,10246093,135302,,Michael_Crider,390181,0
14439,"Todd Huston",Todd,,Huston,,,2,R,1,Rep,HD-037,10885691,136018,,Todd_Huston,395843,0
14441,"Peggy Mayfield",Peggy,,Mayfield,,,2,R,1,Rep,HD-060,10885729,136026,,Peggy_Mayfield,395885,0
14442,"Justin Moed",Justin,,Moed,,,1,D,1,Rep,HD-097,10246079,135965,,Justin_Moed,261324,0
14443,"Alan Morrison",Alan,,Morrison,,,2,R,1,Rep,HD-042,6695721,124684,,Alan_Morrison,311467,0
14446,"Robin Shackleford",Robin,,Shackleford,,,1,D,1,Rep,HD-098,6500220,120367,,Robin_Shackleford,289900,0
14447,"Ben Smaltz",Ben,,Smaltz,,,2,R,1,Rep,HD-052,10885716,84643,,Ben_Smaltz,390695,0
14762,"Martin Carbaugh",Martin,,Carbaugh,,,2,R,1,Rep,HD-081,10246056,135309,,Martin_Carbaugh,395905,0
14764,"Jim Lucas",Jim,,Lucas,,,2,R,1,Rep,HD-069,6682223,120405,,Jim_Lucas,291494,0
14765,"Rick Niemeyer",Rick,,Niemeyer,,,2,R,2,Sen,SD-006,10245978,131192,,Rick_Niemeyer,395736,0
14766,"Harold Slager",Harold,,Slager,,Hal,2,R,1,Rep,HD-015,10245986,113823,,Harold_Slager,395743,0
16530,"Micheal Aylesworth",Micheal,,Aylesworth,,Mike,2,R,1,Rep,HD-011,21078183,149616,,Michael_J._Aylesworth,486730,0
16531,"Eric Bassler",Eric,S.,Bassler,,,2,R,2,Sen,SD-039,12177943,148215,,Eric_Bassler,486666,0
16534,"Elizabeth Brown",Elizabeth,M.,Brown,,Liz,2,R,2,Sen,SD-015,14436476,105855,,Liz_Brown,486653,0
16536,"Jeff Raatz",Jeff,,Raatz,,,2,R,2,Sen,SD-027,21077620,148529,,Jeff_Raatz,486664,0
16538,"Christopher Judy",Christopher,N.,Judy,,Chris,2,R,1,Rep,HD-083,21084515,149623,,Christopher_N._Judy,486802,0
16702,"Julie Olthoff",Julie,,Olthoff,,,2,R,1,Rep,HD-019,21078191,149618,,Julie_Olthoff,486738,0
17993,"Blake Doriot",Blake,,Doriot,,,2,R,2,Sen,SD-012,38525905,167534,,Blake_Doriot,568849,0
17995,"Mike Bohacek",Mike,,Bohacek,,,2,R,2,Sen,SD-008,38525898,83989,,Mike_Bohacek,568844,0
17997,"Aaron Freeman",Aaron,,Freeman,,,2,R,2,Sen,SD-032,16267124,130728,,Aaron_Freeman,568890,0
18543,"Carey Hamilton",Carey,,Hamilton,,,1,D,1,Rep,HD-087,15301806,174304,,Carey_Hamilton,595670,0
18544,"Dave Heine",Dave,,Heine,,,2,R,1,Rep,HD-085,38526023,167568,,Dave_Heine,569002,0
18546,"Karen Engleman",Karen,,Engleman,,,2,R,1,Rep,HD-070,38525992,167563,,Karen_Engleman,568979,0
18559,"Jack Jordan",Jack,,Jordan,,,2,R,1,Rep,HD-017,38526027,120309,,Jack_Jordan,286568,0
18573,"Andy Zay",Andy,,Zay,,,2,R,2,Sen,SD-017,42845099,176110,,Andy_Zay,605800,0
18790,"Chris May",Chris,D.,May,,,2,R,1,Rep,HD-065,38526051,84028,,Christopher_May,568974,0
18947,"Jim Pressel",Jim,,Pressel,,,2,R,1,Rep,HD-020,38526080,167548,,Jim_Pressel,568916,0
19483,"Shane Lindauer",Shane,,Lindauer,,,2,R,1,Rep,HD-063,44223043,130961,,Shane_Lindauer,644093,0
19501,"Steve Bartels",Steve,,Bartels,,,2,R,1,Rep,HD-074,44223042,148248,,Steve_Bartels,643143,0
19570,"Brian Buchanan",Brian,,Buchanan,,,2,R,2,Sen,SD-007,48871372,175299,,Brian_Buchanan,654471,0
19647,"David Abbott",David,,Abbott,,,2,R,1,Rep,HD-018,44857908,84404,,David_Abbott_(Indiana),654968,0
19708,"Justin Busch",Justin,,Busch,,,2,R,2,Sen,SD-016,48871333,185917,,Justin_Busch,394212,0
19709,"J.D. Ford",J.D.,,Ford,,,1,D,2,Sen,SD-029,44857990,178147,,J.D._Ford,484114,0
19710,"Chris Garten",Chris,,Garten,,,2,R,2,Sen,SD-045,44857998,178163,,Chris_Garten,654864,0
19711,"Mike Gaskill",Mike,,Gaskill,,,2,R,2,Sen,SD-025,12409841,178161,,Mike_Gaskill,654855,0
19712,"Linda Rogers",Linda,,Rogers,,,2,R,2,Sen,SD-011,19047579,178159,,Linda_Rogers,654846,0
20010,"Bradford Barrett",Bradford,J.,Barrett,,Brad,2,R,1,Rep,HD-056,44857917,178180,,Bradford_Barrett,655460,0
20011,"Carolyn Jackson",Carolyn,B.,Jackson,,,1,D,1,Rep,HD-001,44858020,178082,,Carolyn_Jackson,654975,0
20012,"Ethan Manning",Ethan,,Manning,,,2,R,1,Rep,HD-023,44858049,175321,,Ethan_Manning,398182,0
20013,"John Prescott",John,,Prescott,,J.D.,2,R,1,Rep,HD-033,44858082,178170,,John_Prescott,654944,0
20014,"Matt Hostettler",Matt,,Hostettler,,,2,R,1,Rep,HD-064,44858017,178185,,Matt_Hostettler,654964,0
20205,"Chris Campbell",Chris,,Campbell,,,1,D,1,Rep,HD-026,45685940,185833,,Chris_Campbell,678197,0
20208,"Pat Boy",Patricia,A.,Boy,,Pat,1,D,1,Rep,HD-009,44857934,73160,,Patricia_Boy,654985,0
20209,"Ragen Hatcher",Ragen,H.,Hatcher,,,1,D,1,Rep,HD-003,29336210,72938,,Ragen_Hatcher,654979,0
20210,"Ryan Lauer",Ryan,,Lauer,,,2,R,1,Rep,HD-059,7281702,130810,,Ryan_Lauer,486777,0
20385,"Tonya Pfaff",Tonya,,Pfaff,,,1,D,1,Rep,HD-043,44858080,178110,,Tonya_Pfaff,655011,0
20593,"Beau Baird",Beau,,Baird,,,2,R,1,Rep,HD-044,44857915,178174,,Beau_Baird,688043,0
21397,"Stacey Donato",Stacey,,Donato,,,2,R,2,Sen,SD-018,48684736,148239,,Stacey_Donato,717510,0
21667,"Earl Harris",Earl,L.,Harris,Jr.,,1,D,1,Rep,HD-002,47805167,171122,,"Earl_Harris,_Jr.",604274,0
21915,"Chris Jeter",Christopher,P.,Jeter,,Chris,2,R,1,Rep,HD-088,48871575,189738,,Chris_Jeter,731217,0
21916,"Elizabeth Rowray",Elizabeth,,Rowray,,,2,R,1,Rep,HD-035,48871473,189719,,Elizabeth_Rowray,731061,0
21917,"Jake Teshka",Jake,,Teshka,,,2,R,1,Rep,HD-007,48871417,189713,,Jake_Teshka,730913,0
21918,"Michelle Davis",Michelle,,Davis,,,2,R,1,Rep,HD-058,48871519,189726,,Michelle_Davis_(Indiana),731080,0
21979,"Kyle Walker",Kyle,,Walker,,,2,R,2,Sen,SD-031,0,195788,,Kyle_Walker_(Indiana),764459,0
21980,"Scott Baldwin",Scott,A.,Baldwin,,,2,R,2,Sen,SD-020,48871339,189709,,Scott_Baldwin,730699,0
22016,"Mitch Gore",Mitchell,Alan,Gore,,Mitch,1,D,1,Rep,HD-089,45272585,189695,,Mitch_Gore,731220,0
22017,"Renee Pack",Renee,,Pack,,,1,D,1,Rep,HD-092,48871585,189699,,Renee_Pack,731222,0
22048,"Zach Payne",Zach,,Payne,,,2,R,1,Rep,HD-066,48871539,148158,,Zach_Payne,732760,0
22087,"Shelli Yoder",Shelli,,Yoder,,,1,D,2,Sen,SD-040,17657992,135982,,Shelli_Yoder,395644,0
22128,"Maureen Bauer",Maureen,,Bauer,,,1,D,1,Rep,HD-006,48871414,189659,,Maureen_Bauer,730907,0
22236,"Cindy Ledbetter",Cindy,,Ledbetter,,,2,R,1,Rep,HD-075,48871554,189732,,Cindy_Ledbetter,731211,0
22274,"Mike Andrade",Mike,,Andrade,,,1,D,1,Rep,HD-012,48871425,189663,,Mike_Andrade,731033,0
22275,"Fady Qaddoura",Fady,,Qaddoura,,,1,D,2,Sen,SD-030,35240402,189631,,Fady_Qaddoura,730706,0
22288,"Blake Johnson",Blake,,Johnson,,,1,D,1,Rep,HD-100,48871606,169259,,Robert_Blake_Johnson,397452,0
22375,"Joanna King",Joanna,,King,,,2,R,1,Rep,HD-049,38525920,167538,,Joanna_King,568850,0
22453,"Craig Snow",Craig,,Snow,,,2,R,1,Rep,HD-022,48871437,189715,,Craig_Snow,731040,0
22908,"Timothy O'Brien",Timothy,,O'Brien,,Tim,2,R,1,Rep,HD-078,0,195919,,Tim_O'Brien_(Indiana),772453,0
23013,"Rodney Pol",Rodney,,Pol,Jr.,,1,D,2,Sen,SD-004,0,200559,,Rodney_Pol_Jr.,790232,0
23088,"Gary Byrne",Gary,,Byrne,,,2,R,2,Sen,SD-047,54902998,201939,,Gary_Byrne,798888,0
23825,"Jennifer Meltzer",Jennifer,,Meltzer,,,2,R,1,Rep,HD-073,54902893,202041,,Jennifer_Meltzer,0,0
23826,"Scott Alexander",Scott,,Alexander,,,2,R,2,Sen,SD-026,54902975,148256,,Scott_Alexander_(Indiana),0,0
23827,"Becky Cash",Becky,,Cash,,,2,R,1,Rep,HD-025,54902778,201962,,Becky_Cash,0,0
23828,"Kendell Culp",Kendell,,Culp,,,2,R,1,Rep,HD-016,54902760,84572,,Kendell_Culp,0,0
23868,"Cory Criswell",Cory,,Criswell,,,2,R,1,Rep,HD-054,54902843,202004,,Cory_Criswell,0,0
23869,"Kyle Miller",Kyle,R.,Miller,,,1,D,1,Rep,HD-082,54902909,201997,,Kyle_Miller_(Indiana),0,0
23870,"Kyle Pierce",Kyle,,Pierce,,,2,R,1,Rep,HD-036,54902807,189720,,Kyle_Pierce_(Indiana),0,0
23871,"Lorissa Sweet",Lorissa,,Sweet,,,2,R,1,Rep,HD-050,54902834,201974,,Lorissa_Sweet,0,0
23872,"Andrea Hunley",Andrea,,Hunley,,,1,D,2,Sen,SD-046,54902992,202027,,Andrea_Hunley,0,0
23873,"Dan Dernulc",Daniel,E.,Dernulc,,Dan,2,R,2,Sen,SD-001,54902946,54177,,Dan_Dernulc,0,0
23874,"Spencer Deery",Spencer,R.,Deery,,,2,R,2,Sen,SD-023,54902968,201932,,Spencer_Deery,0,0
23875,"Tyler Johnson",Tyler,,Johnson,,,2,R,2,Sen,SD-014,54638600,201927,,Tyler_Johnson_(Indiana),0,0
23976,"Lindsay Patterson",Lindsay,,Patterson,,,2,R,1,Rep,HD-055,54902852,120382,,Lindsay_Patterson,0,0
23977,"Dave Hall",David,,Hall,,Dave,2,R,1,Rep,HD-062,54902867,206923,,Dave_Hall_(Indiana),0,0
24158,"Robb Greene",Robb,,Greene,,,2,R,1,Rep,HD-047,54902826,201971,,Robb_Greene,0,0
24159,"Julie McGuire",Julie,A.,McGuire,,,2,R,1,Rep,HD-093,54902934,202029,,Julie_McGuire,0,0
24298,"Craig Haggard",Craig,,Haggard,,,2,R,1,Rep,HD-057,54902858,202018,,Craig_Haggard,0,0
24299,"Victoria Garcia Wilburn",Victoria,,"Garcia Wilburn",,,1,D,1,Rep,HD-032,54902797,201982,,Victoria_Garcia_Wilburn,0,0
24486,"Mark Genda",Mark,J.,Genda,,,2,R,1,Rep,HD-041,54902813,201968,,Mark_Genda,0,0
25014,"Lori Goss-Reaves",Lori,,Goss-Reaves,,,2,R,1,Rep,HD-031,59762938,212206,,Lori_Goss-Reaves,0,0
25015,"Alex Zimmerman",Alex,,Zimmerman,,,2,R,1,Rep,HD-067,0,212373,,Alex_Zimmerman,0,0
25021,"Cyndi Carrasco",Cynthia,E.,Carrasco,,Cyndi,2,R,2,Sen,SD-036,59763042,212881,,Cynthia_Carrasco,0,0
25030,"Greg Goode",Greg,,Goode,,,2,R,2,Sen,SD-038,0,212880,,Greg_Goode_(Indiana),0,0
25031,"Randy Maxwell",Randy,,Maxwell,,,2,R,2,Sen,SD-043,0,212840,,Randy_Maxwell,0,0
25494,"Garrett Bascom",Garrett,,Bascom,,,2,R,1,Rep,HD-068,59762930,214765,,Garrett_Bascom,0,0
25495,"Alex Burton",Alex,,Burton,,,1,D,1,Rep,HD-077,59762897,198634,,Alex_Burton,0,0
25496,"Wendy Dant Chesser",Wendy,,"Dant Chesser",,,1,D,1,Rep,HD-071,60411180,218292,,Wendy_Dant_Chesser,0,0
25497,"Matt Commons",Matthew,,Commons,,Matt,2,R,1,Rep,HD-013,59762779,214708,,Matt_Commons,0,0
25498,"Andrew Ireland",Andrew,,Ireland,,,2,R,1,Rep,HD-090,59762945,214775,,Andrew_Ireland,0,0
25499,"Tony Isa",Tony,,Isa,,,2,R,1,Rep,HD-051,59762792,214731,,Tony_Isa,0,0
25500,"Ethan Lawson",Ethan,,Lawson,,,2,R,1,Rep,HD-053,59762889,214749,,Ethan_Lawson,0,0
25501,"Danny Lopez",Daniel,R.,Lopez,,Danny,2,R,1,Rep,HD-039,6638661,214723,,Daniel_Lopez_(Indiana),0,0
25502,"Alaina Shonkwiler",Alaina,,Shonkwiler,,,2,R,1,Rep,HD-029,59762906,214718,,Alaina_Shonkwiler,0,0
25503,"Hunter Smith",Hunter,,Smith,,,2,R,1,Rep,HD-024,59762956,214713,,Hunter_Smith_(Indiana),0,0
25504,"Brett Clark",Brett,,Clark,,,2,R,2,Sen,SD-024,59763041,214702,,Brett_A._Clark_(Indiana),0,0
25505,"La Keisha Jackson","La Keisha",,Jackson,,,1,D,2,Sen,SD-034,60411165,158327,,La_Keisha_Jackson,0,0
25506,"Daryl Schmitt",Daryl,,Schmitt,,,2,R,2,Sen,SD-048,0,220064,,Daryl_Schmitt,0,0
25507,"Mark Spencer",Mark,,Spencer,,,1,D,2,Sen,SD-003,59762843,214664,,Mark_Spencer_(Indiana),0,0
26383,"Tim Yocum",Tim,,Yocum,,,2,R,1,Rep,HD-042,59762825,158728,,Tim_Yocum,0,0
