people_id,name,first_name,middle_name,last_name,suffix,nickname,party_id,party,role_id,role,district,followthemoney_eid,votesmart_id,opensecrets_id,ballotpedia,knowwho_pid,committee_id
2202,"Terry Alexander",Terry,,Alexander,,,1,D,1,Rep,HD-059,13006428,56704,,Terry_Alexander,249815,0
2203,"Karl Allen",Karl,B.,Allen,,,1,D,2,Sen,SD-007,6377625,47878,,Karl_Allen,205934,0
2205,"Carl Anderson",Carl,L.,Anderson,,,1,D,1,Rep,HD-103,13006528,48270,,Carl_Anderson_(South_Carolina),227515,0
2208,"Nathan Ballentine",Nathan,,Ballentine,,,2,R,1,Rep,HD-071,6660566,47966,,Nathan_Ballentine,228557,0
2209,"Bruce Bannister",Bruce,W.,Bannister,,,2,R,1,Rep,HD-024,6669937,59275,,Bruce_Bannister,240655,0
2225,"William Clyburn",William,,Clyburn,,Bill,1,D,1,Rep,HD-082,756743,4006,,William_Clyburn_Sr.,198815,0
2226,"Gilda Cobb-Hunter",Gilda,,Cobb-Hunter,,,1,D,1,Rep,HD-095,6377713,4005,,Gilda_Cobb-Hunter,198800,0
2232,"Chandra Dillard",Chandra,E.,Dillard,,,1,D,1,Rep,HD-023,13006348,77602,,Chandra_Dillard,272009,0
2235,"Shannon Erickson",Shannon,S.,Erickson,,,2,R,1,Rep,HD-124,13006579,101096,,Shannon_Erickson,259122,0
2239,"Michael Gambrell",Michael,W.,Gambrell,,Mike,2,R,2,Sen,SD-004,6669972,56638,,Michael_Gambrell,249799,0
2240,"Wendell Gilliard",Wendell,G.,Gilliard,,,1,D,1,Rep,HD-111,13006541,78936,,Wendell_Gilliard,272022,0
2241,"Jerry Govan",Jerry,N.,Govan,Jr.,,1,D,1,Rep,HD-093,12403301,8501,,Jerry_Govan_Jr.,198830,0
2248,"Christopher Hart",Christopher,R.,Hart,,Chris,1,D,1,Rep,HD-073,13006465,56705,,Christopher_Hart,249823,0
2250,"Jackie Hayes",Jackie,E.,Hayes,,Coach,1,D,1,Rep,HD-055,6377783,24996,,Jackie_Hayes,198789,0
2252,"William Herbkersman",William,G.,Herbkersman,,Bill,2,R,1,Rep,HD-118,6602517,47897,,Bill_Herbkersman,212553,0
2253,"Davey Hiott",Davey,R.,Hiott,,David,2,R,1,Rep,HD-004,6660621,47851,,Davey_Hiott,227502,0
2256,"Lonnie Hosey",Lonnie,,Hosey,,,1,D,1,Rep,HD-091,6377816,15258,,Lonnie_Hosey,198648,0
2257,"Leon Howard",Leon,,Howard,,,1,D,1,Rep,HD-076,6377824,8610,,Leon_Howard,198810,0
2264,"John King",John,R.,King,,,1,D,1,Rep,HD-049,6399425,57918,,John_King_(South_Carolina),272016,0
2271,"Phillip Lowe",Phillip,D.,Lowe,,,2,R,1,Rep,HD-060,13006429,60353,,Phillip_Lowe_(South_Carolina),249817,0
2280,"Dennis Moss",Dennis,Carroll,Moss,,,2,R,1,Rep,HD-029,6476398,59289,,Dennis_Moss_(South_Carolina),249807,0
2294,"Rex Rice",Rex,Fontaine,Rice,,,2,R,2,Sen,SD-002,6574016,8939,,Rex_Rice,198762,0
2295,"Todd Rutherford",James,Todd,Rutherford,,Todd,1,D,1,Rep,HD-074,8298907,25057,,James_Rutherford,198808,0
2302,"Murrell Smith",Murrell,,Smith,Jr.,,2,R,1,Rep,HD-067,13006450,121732,,George_Smith_Jr.,205943,0
2308,"Leonidas Stavrinakis",Leonidas,E.,Stavrinakis,,Leon,1,D,1,Rep,HD-119,13006560,59396,,Leonidas_Stavrinakis,249831,0
2316,"David Weeks","J. David",,Weeks,,David,1,D,1,Rep,HD-051,13006416,47971,,J._David_Weeks,661716,0
2319,"William Whitmire",William,R.,Whitmire,,Bill,2,R,1,Rep,HD-001,13006297,47969,,Bill_Whitmire,212539,0
2320,"Robert Williams",Robert,Q.,Williams,,,1,D,1,Rep,HD-062,6513334,130663,,Robert_Williams_(South_Carolina_Representative),249819,0
2321,"Mark Willis",Mark,N.,Willis,,,2,R,1,Rep,HD-016,6670052,57624,,Mark_Willis,272004,0
2324,"Thomas Young",Thomas,R.,Young,Jr.,Tom,2,R,2,Sen,SD-024,6676117,105039,,Tom_Young_(South_Carolina),272019,0
2325,"Thomas Alexander",Thomas,C.,Alexander,,,2,R,2,Sen,SD-001,6610749,3941,,Thomas_Alexander,198691,0
2330,"George Campsen",George,E.,Campsen,III,Chip,2,R,2,Sen,SD-043,13006545,11920,,George_Campsen,198847,0
2334,"Ronnie Cromer",Ronnie,W.,Cromer,,,2,R,2,Sen,SD-018,6614090,25065,,Ronnie_Cromer,216655,0
2335,"Thomas Davis",Thomas,C.,Davis,,Tom,2,R,2,Sen,SD-046,6676018,104980,,Tom_Davis_(South_Carolina),271995,0
2339,"Lawrence Grooms",Lawrence,K.,Grooms,,Larry,2,R,2,Sen,SD-037,6585286,15260,,Lawrence_Grooms,198727,0
2341,"Bradley Hutto","C. Bradley",,Hutto,,Brad,1,D,2,Sen,SD-040,6388457,11943,,Brad_Hutto,198730,0
2342,"Darrell Jackson",Darrell,,Jackson,,,1,D,2,Sen,SD-021,13013529,3957,,Darrell_Jackson_(South_Carolina),198711,0
2350,"Shane Martin",Shane,R.,Martin,,,2,R,2,Sen,SD-013,13013522,104962,,Shane_Martin,271994,0
2351,"Shane Massey","A. Shane",,Massey,,Shane,2,R,2,Sen,SD-025,13013535,101903,,Shane_Massey,260245,0
2358,"Harvey Peeler",Harvey,Smith,Peeler,Jr.,,2,R,2,Sen,SD-014,6585180,4020,,Harvey_Peeler,198704,0
2360,"Luke Rankin",Luke,A.,Rankin,Sr.,,2,R,2,Sen,SD-033,6442225,3972,,Luke_Rankin_(South_Carolina_state_senator),198723,0
2369,"Danny Verdin",Danny,B.,Verdin,III,,2,R,2,Sen,SD-009,6585232,48080,,Daniel_Verdin,206267,0
2370,"Kent Williams",Kent,M.,Williams,,,1,D,2,Sen,SD-030,6457174,47956,,"Kent_Williams,_South_Carolina_Senator",227525,0
10949,"William Hixon",William,M.,Hixon,,Bill,2,R,1,Rep,HD-083,6687268,121738,,Bill_Hixon,292703,0
10951,"Christopher Murphy",Christopher,J.,Murphy,,Chris,2,R,1,Rep,HD-098,6687301,97738,,Chris_Murphy_(South_Carolina),293520,0
10954,"Bill Taylor",Bill,,Taylor,,,2,R,1,Rep,HD-086,13006490,121739,,Bill_Taylor_(South_Carolina),293251,0
11118,"Thomas Corbin",Thomas,D.,Corbin,,Tom,2,R,2,Sen,SD-005,13006339,121705,,Tom_Corbin_(South_Carolina),292677,0
11216,"William Chumley",William,M.,Chumley,,Bill,2,R,1,Rep,HD-035,6607855,150169,,Bill_Chumley,308905,0
11219,"Thomas Pope",Thomas,E.,Pope,,Tommy,2,R,1,Rep,HD-047,6687222,121790,,Tommy_Pope,308909,0
11221,"Ronnie Sabb",Ronnie,A.,Sabb,,,1,D,2,Sen,SD-032,1813834,121747,,Ronnie_Sabb,290473,0
13691,"Labor, Commerce and Industry",,,,,,0,,2,Sen,,0,0,,,0,729
13702,"Ways and Means",,,,,,0,,1,Rep,,0,0,,,0,716
13712,Education,,,,,,0,,2,Sen,,0,0,,,0,720
13722,"Fish, Game and Forestry",,,,,,0,,2,Sen,,0,0,,,0,723
13754,Rules,,,,,,0,,1,Rep,,0,0,,,0,715
13953,Transportation,,,,,,0,,2,Sen,,0,0,,,0,733
14032,"Stephen Goldfinch",Stephen,L.,Goldfinch,Jr.,,2,R,2,Sen,SD-034,11023587,139491,,Stephen_Goldfinch_Jr.,410944,0
14033,"Kevin Hardee",Kevin,,Hardee,,,2,R,1,Rep,HD-105,13006530,94982,,Kevin_J._Hardee,410940,0
14070,"Greg Hembree",Greg,,Hembree,,,2,R,2,Sen,SD-028,8362218,139435,,Greg_Hembree,410167,0
14186,"Sean Bennett",Sean,M.,Bennett,,,2,R,2,Sen,SD-038,11023620,139441,,Sean_Bennett,410277,0
14187,"Beth Bernstein",Beth,E.,Bernstein,,,1,D,1,Rep,HD-078,13006475,139541,,Beth_Bernstein,427445,0
14298,"Craig Gagnon",Craig,A.,Gagnon,,,2,R,1,Rep,HD-011,11023547,139451,,Craig_Gagnon,410181,0
14300,"Heather Crawford",Heather,Ammons,Crawford,,,2,R,1,Rep,HD-068,11023570,140708,,Heather_Ammons_Crawford,410772,0
14301,"Weston Newton","Wm. Weston",,Newton,,Weston,2,R,1,Rep,HD-120,7991767,95106,,Weston_Newton,410951,0
14450,"Ross Turner",Ross,,Turner,,,2,R,2,Sen,SD-008,8278129,139420,,Ross_Turner,410122,0
15975,"James Burns",James,Mikell,Burns,,Mike,2,R,1,Rep,HD-017,15393737,144188,,Mike_Burns,454484,0
16116,"Russell Ott",Russell,L.,Ott,,,1,D,2,Sen,SD-026,18912306,144829,,Russell_L._Ott,474155,0
16246,"Banking and Insurance",,,,,,0,,2,Sen,,0,0,,,0,718
16320,"Justin Bamberg",Justin,T.,Bamberg,,,1,D,1,Rep,HD-090,23424525,152607,,Justin_Bamberg,493642,0
16321,"Jeffrey Bradley",Jeffrey,A.,Bradley,,Jeff,2,R,1,Rep,HD-123,25760836,152611,,Jeff_Bradley,493567,0
16323,"Neal Collins",Neal,A.,Collins,,,2,R,1,Rep,HD-005,17766551,121780,,Neal_Collins,285061,0
16328,"Jeffrey Johnson",Jeffrey,E.,Johnson,,Jeff,2,R,1,Rep,HD-058,23424555,152557,,Jeff_Johnson_(South_Carolina),493610,0
16329,"Roger Kirby",Roger,K.,Kirby,,,1,D,1,Rep,HD-101,24867934,139590,,Roger_Kirby,493616,0
16332,"Richard Yow",Richard,L.,Yow,,Richie,2,R,1,Rep,HD-053,11023563,139467,,Richie_Yow,410753,0
17693,"Wallace Jordan",Wallace,H.,Jordan,Jr.,Jay,2,R,1,Rep,HD-063,17658352,173023,,Jay_Jordan,400067,0
17736,"Margie Matthews",Margie,Bright,Matthews,,,1,D,2,Sen,SD-045,31925721,161280,,Margie_Bright_Matthews,558588,0
17959,"Sylleste Davis",Sylleste,H.,Davis,,,2,R,1,Rep,HD-100,40585456,172947,,Sylleste_Davis,591662,0
18031,"Wes Climer",David,Wes,Climer,,Wes,2,R,2,Sen,SD-015,39714571,168929,,Wes_Climer,259380,0
18085,"Frank Atkinson",Frank,Lucas,Atkinson,,Lucas,1,D,1,Rep,HD-057,36099207,168971,,Lucas_Atkinson,575486,0
18088,"Jason Elliott",Jason,T.,Elliott,,,2,R,2,Sen,SD-006,39714580,168956,,Jason_Elliott,576030,0
18089,"Cally Forrest",Cally,R.,Forrest,Jr.,Cal,2,R,1,Rep,HD-039,7956897,168962,,Cal_Forrest,576039,0
18090,"William Hewitt",William,Lee,Hewitt,,Lee,2,R,1,Rep,HD-108,41759128,139488,,Lee_Hewitt,576134,0
18091,"Josiah Magnuson",Roy,Josiah,Magnuson,,Josiah,2,R,1,Rep,HD-038,39714605,173067,,Roy_G._Magnuson,576037,0
18092,"John Mccravy",John,R.,Mccravy,III,,2,R,1,Rep,HD-013,7975200,139452,,John_McCravy,410193,0
18093,"Michael Rivers",Michael,F.,Rivers,Sr.,,1,D,1,Rep,HD-121,39714685,169017,,Michael_Rivers,576150,0
18094,"Brandon Newton",Brandon,Michael,Newton,,,2,R,1,Rep,HD-045,40573162,173012,,Brandon_Newton,576053,0
18095,"William Wheeler",William,Walter,Wheeler,III,,1,D,1,Rep,HD-050,39714630,168970,,Will_Wheeler,575485,0
18214,"Steven Long",Steven,Wayne,Long,,,2,R,1,Rep,HD-037,39714601,168960,,Steven_Long,575470,0
18654,"Micajah Caskey",Micajah,P.,Caskey,IV,,2,R,1,Rep,HD-089,39714660,168999,,Micah_Caskey,575502,0
19395,"Richard Cash",Richard,J.,Cash,,,2,R,2,Sen,SD-003,7941740,121778,,Richard_Cash,285060,0
19496,"Rosalyn Henderson-Myers",Rosalyn,D.,Henderson-Myers,,,1,D,1,Rep,HD-031,43855056,174445,,Rosalyn_Henderson_Myers,649842,0
19502,"Timothy McGinnis",Timothy,A.,McGinnis,,Tim,2,R,1,Rep,HD-056,44059947,176728,,Tim_McGinnis,650885,0
19645,"Christopher Wooten",Christopher,Sloan,Wooten,,Chris,2,R,1,Rep,HD-069,44210946,177641,,Chris_Wooten,661729,0
19927,"Bobby Cox",Bobby,J.,Cox,,,2,R,1,Rep,HD-021,43101592,181020,,Bobby_Cox_(South_Carolina),660567,0
19929,"Kambrell Garvin",Kambrell,Houston,Garvin,,,1,D,1,Rep,HD-077,44932292,181046,,Kambrell_Garvin,661742,0
19930,"Doug Gilliam",Leon,D.,Gilliam,,Doug,2,R,1,Rep,HD-042,44423475,181033,,Doug_Gilliam,661702,0
19932,"Randy Ligon",Thomas,R.,Ligon,,Randy,2,R,1,Rep,HD-043,44932315,181034,,Randy_Ligon,661707,0
19933,"Annie McDaniel",Annie,E.,McDaniel,,,1,D,1,Rep,HD-041,6457084,48010,,Annie_McDaniel,427404,0
19934,"JA Moore",JA,,Moore,,,1,D,1,Rep,HD-015,45316155,184240,,JA_Moore,661650,0
19936,"Seth Rose",Seth,C.,Rose,,,1,D,1,Rep,HD-072,45316216,132461,,Seth_Rose,661735,0
20147,"William Bailey",William,H.,Bailey,Jr.,,2,R,1,Rep,HD-104,44932254,181058,,William_Bailey,661778,0
20399,"Paula Rawl Calhoon",Paula,Rawl,Calhoon,,,2,R,1,Rep,HD-087,44932265,181047,,Paula_Rawl_Calhoon,661755,0
21398,"Melissa Oremus",Melissa,Lackey,Oremus,,,2,R,1,Rep,HD-084,26553500,186699,,Melissa_Oremus,719770,0
21436,"Patrick Haddon",Patrick,B.,Haddon,,,2,R,1,Rep,HD-019,8084105,104954,,Patrick_Haddon,715959,0
21669,"Elizabeth Wetmore",Elizabeth,S.,Wetmore,,Spencer,1,D,1,Rep,HD-115,49846889,191594,,Spencer_Wetmore,737487,0
21740,"Thomas Brittain",Thomas,Case,Brittain,Jr.,Tom,2,R,1,Rep,HD-107,8176888,191572,,Case_Brittain,737425,0
21741,"Joseph Bustos",Joseph,M.,Bustos,,Joe,2,R,1,Rep,HD-112,6676005,77624,,Joe_Bustos,292718,0
21744,"Gil Gatch",Gil,A.,Gatch,,,2,R,1,Rep,HD-094,49619381,191625,,Gil_Gatch,737415,0
21745,"Jermaine Johnson",Jermaine,L.,Johnson,Sr.,,1,D,1,Rep,HD-052,49619357,191620,,Jermaine_Johnson,737403,0
21747,"Marvin Smith",Marvin,M.,Smith,,Mark,2,R,1,Rep,HD-099,18920081,160942,,Mark_Smith_(South_Carolina),737420,0
21748,"Robert May",Robert,J.,May,III,"R J",2,R,1,Rep,HD-088,49619369,191622,,RJ_May,737411,0
21749,"Donald McCabe",Donald,Ryan,McCabe,Jr.,Ryan,2,R,1,Rep,HD-096,6450897,48202,,D._Ryan_McCabe,737416,0
21752,"Roger Nutt",Roger,A.,Nutt,,,2,R,2,Sen,SD-012,13006373,56868,,Roger_Nutt,737643,0
21753,"Deon Tedder",Deon,T.,Tedder,,,1,D,2,Sen,SD-042,49619409,191573,,Deon_Tedder,737427,0
21754,"Billy Garrett",Billy,,Garrett,,,2,R,2,Sen,SD-010,49619472,191496,,Billy_Garrett_(South_Carolina),737189,0
21756,"Joshua Kimbrell",Joshua,Brett,Kimbrell,,Josh,2,R,2,Sen,SD-011,44932236,179609,,Josh_Kimbrell,737194,0
21778,"Brian Adams",Brian,R.,Adams,,,2,R,2,Sen,SD-044,23356113,191565,,Brian_Adams_(South_Carolina),737346,0
21893,"Michael Johnson",Robert,Michael,Johnson,,Michael,2,R,2,Sen,SD-016,6660647,48039,,Michael_Johnson_(South_Carolina),737214,0
22359,"Travis Moore",Travis,A.,Moore,,,2,R,1,Rep,HD-033,49619277,191604,,Travis_Moore_(South_Carolina_legislator),737368,0
23126,"Mike Reichenbach",Mike,,Reichenbach,,,2,R,2,Sen,SD-031,54301277,201397,,Mike_Reichenbach,803411,0
23136,"Family and Veterans' Services",,,,,,0,,2,Sen,,0,0,,,0,3795
23150,"Robby Robbins",Robby,,Robbins,,,2,R,1,Rep,HD-097,8152949,201399,,Robby_Robbins,664110,0
23151,"Alan Morgan",Timothy,Alan,Morgan,Jr.,Alan,2,R,1,Rep,HD-018,48307797,204133,,Alan_Morgan,805571,0
23297,"Brandon Cox",Brandon,L.,Cox,,,2,R,1,Rep,HD-092,45966589,174486,,Brandon_Cox,0,0
23298,"Thomas Beach",Thomas,,Beach,,,2,R,1,Rep,HD-010,42421817,205389,,Thomas_Beach,0,0
23299,"April Cromer",April,,Cromer,,,2,R,1,Rep,HD-006,55425795,205385,,April_Cromer,0,0
23300,"Brandon Guffey",Brandon,,Guffey,,,2,R,1,Rep,HD-048,55425827,205437,,Brandon_Guffey,0,0
23301,"Jay Kilmartin",John,Gregory,Kilmartin,,Jay,2,R,1,Rep,HD-085,55425847,205478,,Jay_Kilmartin,0,0
23302,"Brian Lawson",Brian,,Lawson,,,2,R,1,Rep,HD-030,8140403,205417,,Brian_Lawson,0,0
23303,"Cody Mitchell",Cody,T.,Mitchell,,,2,R,1,Rep,HD-065,55425919,205458,,Cody_Mitchell,0,0
23304,"Mike Neese",James,Michael,Neese,,Mike,2,R,1,Rep,HD-044,55425824,191512,,Mike_Neese,0,0
23306,"Jordan Pace",Jordan,S.,Pace,,,2,R,1,Rep,HD-117,55425951,181060,,Jordan_Pace,0,0
23307,"Wendell Jones",Wendell,K.,Jones,,,1,D,1,Rep,HD-025,50424120,205394,,Wendell_Jones,0,0
23308,"Heath Sessions",Heath,,Sessions,,,2,R,1,Rep,HD-046,55425825,205435,,Heath_Sessions,0,0
23309,"Heather Bauer",Heather,,Bauer,,,1,D,1,Rep,HD-075,48307871,191618,,Heather_Bauer,0,0
23373,"Daniel Gibson",Daniel,,Gibson,,,2,R,1,Rep,HD-012,55425885,205401,,Daniel_Gibson,0,0
23374,"Rob Harris",Robert,,Harris,,Rob,2,R,1,Rep,HD-036,55425816,205425,,Rob_Harris,0,0
23375,"Matthew Leber",Matthew,W.,Leber,,Matt,2,R,2,Sen,SD-041,55425872,205505,,Matthew_Leber,0,0
23376,"David Vaughan",David,,Vaughan,,,2,R,1,Rep,HD-027,55425810,205414,,David_Vaughan_(South_Carolina),0,0
23392,"Don Chapman",Donald,,Chapman,,Don,2,R,1,Rep,HD-008,55425880,205399,,Don_Chapman,0,0
24123,"Gary Brewer",Gary,S.,Brewer,,Jr.,2,R,1,Rep,HD-114,55425870,205501,,Gary_Brewer,0,0
24124,"Tom Hartnett",Thomas,F.,Hartnett,Jr.,Tom,2,R,1,Rep,HD-110,55425945,205494,,Tom_Hartnett,0,0
24188,"Fawn Pedalino",Fawn,M.,Pedalino,,,2,R,1,Rep,HD-064,55425918,205457,,Fawn_Pedalino,0,0
24303,"Val Guest",Thomas,Duval,Guest,Jr.,Val,2,R,1,Rep,HD-106,55425864,205491,,Val_Guest,0,0
24304,"Bill Hager",William,Winston,Hager,,Bill,2,R,1,Rep,HD-122,55425954,205508,,Bill_Hager_(South_Carolina),0,0
24305,"Kathy Landing",Katherine,,Landing,,Kathy,2,R,1,Rep,HD-080,55425842,187433,,Kathy_Landing,0,0
24306,"Carla Schuessler",Carla,,Schuessler,,,2,R,1,Rep,HD-061,48878336,205453,,Carla_Schuessler,0,0
24751,"Joe White",Joseph,S.,White,,Joe,2,R,1,Rep,HD-040,52020762,205429,,Joe_White_(South_Carolina),805633,0
25027,"Tameika Devine",Tameika,Isaac,Devine,,,1,D,2,Sen,SD-019,59500374,0,,Tameika_Isaac_Devine,0,0
25192,"Tiffany Spann-Wilder",Tiffany,,Spann-Wilder,,,1,D,1,Rep,HD-109,59500394,216263,,Tiffany_Spann-Wilder,0,0
26245,"Phillip Bowers",Phillip,,Bowers,,,2,R,1,Rep,HD-003,6607841,48068,,Phillip_Bowers,0,0
26246,"Adam Duncan",Adam,L.,Duncan,,,2,R,1,Rep,HD-002,59843698,216237,,Adam_Duncan,0,0
26247,"Sarita Edgerton",Sarita,L.,Edgerton,,,2,R,1,Rep,HD-034,59843703,216321,,Sarita_Edgerton,0,0
26248,"Stephen Frank",Stephen,,Frank,,,2,R,1,Rep,HD-020,59843790,216282,,Stephen_Frank,0,0
26249,"Lee Gilreath","Thomas Lee",,Gilreath,,Lee,2,R,1,Rep,HD-007,59843871,216241,,Lee_Gilreath,0,0
26250,"Hamilton Grant",Hamilton,R.,Grant,,,1,D,1,Rep,HD-079,59843781,216249,,Hamilton_Grant,0,0
26251,"Charles Hartz",Charles,V.,Hartz,,,2,R,1,Rep,HD-081,59843821,216357,,Charles_Hartz,0,0
26252,"Harriet Holman",Harriet,A.,Holman,,,2,R,1,Rep,HD-102,59843851,216289,,Harriet_Holman,0,0
26253,"Chris Huff",William,C.,Huff,,Chris,2,R,1,Rep,HD-028,59843848,216312,,Chris_Huff,0,0
26254,"Jason Luck",Jason,S.,Luck,,,1,D,1,Rep,HD-054,59843863,216336,,Jason_Luck,0,0
26255,"David Martin",David,,Martin,,,2,R,1,Rep,HD-026,59843741,216310,,David_Martin_(South_Carolina),0,0
26256,"Scott Montgomery",Scott,W.,Montgomery,IV,,2,R,1,Rep,HD-032,60419513,216319,,Scott_Montgomery,0,0
26257,"Robert Reese",Robert,T.,Reese,,,1,D,1,Rep,HD-070,59843767,216350,,Robert_Reese,0,0
26258,"Blake Sanders",Richard,Blake,Sanders,,Blake,2,R,1,Rep,HD-009,59843870,216244,,Blake_Sanders,0,0
26259,"James Teeple",James,E.,Teeple,,,2,R,1,Rep,HD-116,60419587,216276,,James_Teeple,0,0
26260,"Jackie Terribile",Jackie,R.,Terribile,,,2,R,1,Rep,HD-066,54911841,211924,,Jackie_Terribile,0,0
26261,"Paul Wickensimer",Paul,B.,Wickensimer,,,2,R,1,Rep,HD-022,59843714,216305,,Paul_Wickensimer,0,0
26262,"Allen Blackmon",Allen,,Blackmon,,,2,R,2,Sen,SD-027,59843832,216214,,Allen_Blackmon,0,0
26263,"JD Chaplin",JD,,Chaplin,,,2,R,2,Sen,SD-029,40572464,173018,,J.D._Chaplin,0,0
26264,"Tom Fernandez",Tom,,Fernandez,,,2,R,2,Sen,SD-039,60419479,181055,,Tom_Fernandez,0,0
26265,"Jeffrey Graham",Jeffrey,R.,Graham,,,1,D,2,Sen,SD-035,59843839,216225,,Jeffrey_Graham_(South_Carolina),0,0
26266,"Carlisle Kennedy",Carlisle,,Kennedy,,,2,R,2,Sen,SD-023,59843754,216210,,Carlisle_Kennedy,0,0
26267,"Everett Stubbs",Everett,,Stubbs,,,2,R,2,Sen,SD-017,59843853,216208,,Everett_Stubbs,0,0
26268,"Ed Sutton",Ed,,Sutton,,,1,D,2,Sen,SD-020,60419459,191695,,Ed_Sutton,0,0
26269,"Overture Walker",Overture,,Walker,,,1,D,2,Sen,SD-022,59843786,196975,,Overture_Walker,0,0
26270,"Jeff Zell",Jeffrey,,Zell,,Jeff,2,R,2,Sen,SD-036,59843799,216230,,Jeffrey_Zell,0,0
26272,"Luke Rankin",Luke,S.,Rankin,,,2,R,1,Rep,HD-014,60419497,220606,,Luke_Rankin_(South_Carolina_state_representative),0,0
26459,"Courtney Waters",Courtney,S.,Waters,,,1,D,1,Rep,HD-113,0,220682,,Courtney_Waters,0,0
