people_id,name,first_name,middle_name,last_name,suffix,nickname,party_id,party,role_id,role,district,followthemoney_eid,votesmart_id,opensecrets_id,ballotpedia,knowwho_pid,committee_id
1782,"Lee Anderson",Lee,,Anderson,,,2,R,2,Sen,SD-024,6620668,84624,,Lee_Anderson,267971,0
1797,"Debbie Buckner",Debbie,Gignilliat,Buckner,,,1,D,1,Rep,HD-137,12999298,31792,,Debbie_Buckner,211902,0
1799,"Jon Burns",Jon,G.,Burns,,,2,R,1,Rep,HD-159,6662547,31806,,Jon_G._Burns,228473,0
1801,"Charlice Byrd",Charlice,,Byrd,,,2,R,1,Rep,HD-020,12999127,32017,,Charlice_Byrd,228410,0
1807,"Mike Cheokas",Mike,A.,Cheokas,,Mike,2,R,1,Rep,HD-151,6459549,31576,,Mike_Cheokas,228467,0
1813,"Sharon Cooper",Sharon,,Cooper,,,2,R,1,Rep,HD-045,6573006,11740,,Sharon_Cooper,193728,0
1820,"Katie Dempsey",Katie,M.,Dempsey,,,2,R,1,Rep,HD-013,6671760,67815,,Katie_Dempsey,249150,0
1826,"Karla Drenner",Karla,Lea,Drenner,,,1,D,1,Rep,HD-085,6376376,31687,,Karla_Drenner,209132,0
1844,"Gerald Greene",Gerald,E.,Greene,,,2,R,1,Rep,HD-154,6376348,7889,,Gerald_Greene,193658,0
1862,"Carolyn Hugley",Carolyn,F.,Hugley,,,1,D,1,Rep,HD-141,12999307,7904,,Carolyn_Hugley,193829,0
1863,"Mack Jackson",Mack,,Jackson,,,1,D,1,Rep,HD-128,6490929,105230,,Mack_Jackson,267977,0
1869,"Jan Jones",Jan,,Jones,,,2,R,1,Rep,HD-047,6587196,32034,,Jan_Jones,211887,0
1870,"Sheila Jones",Sheila,,Jones,,,1,D,1,Rep,HD-060,6390054,31662,,Sheila_Jones,228440,0
1884,"David Lucas",David,E.,Lucas,,,1,D,2,Sen,SD-026,6376950,7925,,David_Lucas_Sr.,193820,0
1888,"Randal Mangham",Randal,,Mangham,,,1,D,2,Sen,SD-055,12996573,31488,,Randal_Mangham,209134,0
1891,"Charles Martin",Charles,E.,Martin,Jr.,,2,R,1,Rep,HD-049,6587184,31524,,Charles_Martin_Jr.,211888,0
1900,"Billy Mitchell",Billy,,Mitchell,,,1,D,1,Rep,HD-088,6390159,17460,,Billy_Mitchell,211877,0
1908,"Mary Oliver",Mary,Margaret,Oliver,,,1,D,1,Rep,HD-084,12997088,7820,,Mary_Margaret_Oliver,211886,0
1910,"Butch Parrish",Butch,,Parrish,,,2,R,1,Rep,HD-158,6377097,7942,,Butch_Parrish,193840,0
1911,"Don Parsons",Don,L.,Parsons,,,2,R,1,Rep,HD-044,12999150,7943,,Don_Parsons,193737,0
1914,"Alan Powell",Alan,,Powell,,,2,R,1,Rep,HD-033,6377001,7950,,Alan_Powell,193721,0
1931,"Ed Setzler",Ed,,Setzler,,,2,R,2,Sen,SD-037,12999163,31918,,Ed_Setzler,228437,0
1941,"Lynn Smith",Lynn,R.,Smith,,,2,R,1,Rep,HD-070,7866204,11780,,Lynn_Smith,193751,0
1947,"Ron Stephens",Ron,,Stephens,,,2,R,1,Rep,HD-164,6573167,15219,,Ron_Stephens_(Georgia_Representative),193846,0
1958,"Al Williams",Al,,Williams,,,1,D,1,Rep,HD-168,6390322,31449,,Al_Williams_(Georgia_legislator),211917,0
1974,"Bill Cowsert",Bill,,Cowsert,,,2,R,2,Sen,SD-046,6662652,31562,,Bill_Cowsert,249203,0
1982,"Ed Harbison",Ed,,Harbison,,,1,D,2,Sen,SD-015,6376357,7804,,Ed_Harbison,193648,0
1984,"Lee Hawkins",Lee,,Hawkins,,,2,R,1,Rep,HD-027,6840501,67378,,Lee_Hawkins,249205,0
1993,"Donzella James",Donzella,,James,,,1,D,2,Sen,SD-028,13011504,7809,,Donzella_James,193669,0
1995,"Emanuel Jones",Emanuel,,Jones,,,1,D,2,Sen,SD-010,6459717,31536,,Emanuel_Jones,227397,0
1999,"Nan Orrock",Nan,Grogan,Orrock,,,1,D,2,Sen,SD-036,6905812,7940,,Nan_Orrock,193754,0
2008,"Freddie Sims",Freddie,Powell,Sims,,,1,D,2,Sen,SD-012,6459920,31367,,Freddie_Sims,228472,0
11777,"Bruce Williamson",Hugh,Brewster,Williamson,III,Bruce,2,R,1,Rep,HD-112,6688756,122885,,Bruce_Williamson_(Georgia),291275,0
11778,"Dar'shun Kendrick",Dar'shun,N.,Kendrick,,,1,D,1,Rep,HD-095,6505613,122848,,Dar%27shun_Kendrick,291253,0
11785,"Frank Ginn",Frank,,Ginn,,,2,R,2,Sen,SD-047,6688949,122693,,Frank_Ginn,289546,0
11786,"Gail Davenport",Gail,Paulette,Davenport,,,1,D,2,Sen,SD-017,6480941,66317,,Gail_Davenport,249201,0
11788,"John Albers",John,,Albers,,,2,R,2,Sen,SD-056,6688981,122715,,John_Albers,291192,0
11792,"Steve Gooch",Steve,,Gooch,,,2,R,2,Sen,SD-051,6676213,82557,,Steve_Gooch,291186,0
11925,"Rick Jasperse",Rick,,Jasperse,,,2,R,1,Rep,HD-011,6688599,122511,,Rick_Jasperse,289552,0
11926,"Elena Parent",Elena,C.,Parent,,,1,D,2,Sen,SD-044,6505594,122835,,Elena_Parent,291248,0
11927,"Ben Watson",Ben,,Watson,,,2,R,2,Sen,SD-001,6688809,122908,,Ben_Watson,291293,0
12039,"Stacey Evans",Stacey,,Evans,,,1,D,1,Rep,HD-057,6505514,122796,,Stacey_Evans,291225,0
12040,"James Hatchett",James,Matthew,Hatchett,,Matt,2,R,1,Rep,HD-155,6688787,122896,,Matt_Hatchett,291285,0
12041,"Scott Holcomb",Scott,M.,Holcomb,,,1,D,1,Rep,HD-101,5788200,122840,,Scott_Holcomb,308528,0
12043,"Darlene Taylor",Darlene,K.,Taylor,,,2,R,1,Rep,HD-173,12999374,122919,,Darlene_Taylor,291302,0
12120,"Yasmin Neal",Yasmin,,Neal,,,1,D,1,Rep,HD-079,6490986,105185,,Yasmin_Neal,291239,0
12192,"David Wilkerson",David,,Wilkerson,,,1,D,1,Rep,HD-038,6505487,122779,,David_Wilkerson,291220,0
12194,"Sandra Scott",Sandra,G.,Scott,,,1,D,1,Rep,HD-076,6505581,122826,,Sandra_Scott,291242,0
12477,"Robert Dickey",Robert,,Dickey,,,2,R,1,Rep,HD-134,5701076,128763,,Robert_Dickey,332039,0
13757,"Miriam Paris",Miriam,L.,Paris,,,1,D,1,Rep,HD-142,6513793,72142,,Miriam_Paris,354164,0
13779,"John Carson",John,,Carson,,,2,R,1,Rep,HD-046,12999174,135769,,John_Carson_(Georgia),291782,0
13780,"Emory Dunahoo",Emory,West,Dunahoo,Jr.,,2,R,1,Rep,HD-031,12999144,134884,,Emory_West_Dunahoo_Jr.,384553,0
15155,"Brandon Beach",Brandon,,Beach,,,2,R,2,Sen,SD-021,6688984,122717,,Brandon_Beach,291193,0
15161,"Chuck Hufstetler",Chuck,,Hufstetler,,,2,R,2,Sen,SD-052,12746045,140281,,Chuck_Hufstetler,423249,0
15168,"Bill Hitchens",Bill,,Hitchens,,,2,R,1,Rep,HD-161,7753199,142235,,Bill_Hitchens,264563,0
15169,"Brian Strickland",Brian,,Strickland,,,2,R,2,Sen,SD-042,12746080,142212,,Brian_Strickland,423293,0
15175,"Demetrius Douglas",Demetrius,,Douglas,,,1,D,1,Rep,HD-078,12745834,142009,,Demetrius_Douglas,423253,0
15176,"Dexter Sharper",Dexter,L.,Sharper,,,1,D,1,Rep,HD-177,12745874,142244,,Dexter_Sharper,423431,0
15177,"Eddie Lumsden",Eddie,,Lumsden,,,2,R,1,Rep,HD-012,6836010,82648,,Eddie_Lumsden,423066,0
15185,"Karen Bennett",Karen,,Bennett,,,1,D,1,Rep,HD-094,12745813,142025,,Karen_Bennett_(Georgia),423265,0
15187,"Kimberly Alexander",Kimberly,,Alexander,,,1,D,1,Rep,HD-066,6505547,122813,,Kimberly_Alexander,291234,0
15191,"Mandi Ballinger",Mandi,L.,Ballinger,,,2,R,1,Rep,HD-023,12746015,140297,,Mandi_Ballinger,423083,0
15194,"Michael Smith",Michael,,Smith,,,1,D,1,Rep,HD-041,6491042,105161,,Michael_Smith_(Georgia_state_representative),423121,0
15195,"Patty Stinson",Patty,Marie,Stinson,,,1,D,1,Rep,HD-150,12745815,142227,,Patty_Bentley,423352,0
15198,"Sam Watson",Sam,,Watson,,,2,R,2,Sen,SD-011,12746088,142240,,Sam_Watson,423416,0
15199,"Spencer Frye",Spencer,,Frye,,,1,D,1,Rep,HD-122,12745840,142218,,Spencer_Frye,423310,0
15201,"Tonya Anderson",Tonya,P.,Anderson,,,1,D,2,Sen,SD-043,12745810,142015,,Tonya_Anderson,423258,0
15202,"Trey Kelley",Trey,,Kelley,,,2,R,1,Rep,HD-016,12746051,140293,,Trey_Kelley,423072,0
16153,"Chuck Efstration",Chuck,,Efstration,,,2,R,1,Rep,HD-104,6802240,122243,,Chuck_Efstration,286068,0
16154,"Dewey McClain",Dewey,,McClain,,,1,D,1,Rep,HD-109,7499298,145375,,Dewey_McClain,477626,0
16155,"Brian Prince",Brian,,Prince,,,1,D,1,Rep,HD-132,18912331,145374,,Brian_Prince,481015,0
16222,"Steve Tarvin",Steve,,Tarvin,,,2,R,1,Rep,HD-002,6842170,120443,,Steve_Tarvin,284381,0
16721,"John Corbett",John,L.,Corbett,,,2,R,1,Rep,HD-174,24361024,151186,,John_L._Corbett,491993,0
16725,"Jesse Petrea",Jesse,L.,Petrea,,,2,R,1,Rep,HD-166,6807334,151148,,Jesse_L._Petrea,491977,0
16729,"William Werkheiser",William,A.,Werkheiser,,Bill,2,R,1,Rep,HD-157,24361017,151138,,Bill_Werkheiser,498868,0
16730,"Marty Harbin",Marty,H.,Harbin,,Marty,2,R,2,Sen,SD-016,7247802,151370,,Marty_Harbin,491608,0
16731,"Harold Jones",Harold,V.,Jones,II,,1,D,2,Sen,SD-022,6390257,31433,,Harold_V._Jones_II,491994,0
16732,"John Kennedy",John,F.,Kennedy,,,2,R,2,Sen,SD-018,16718522,151375,,John_F._Kennedy_(Georgia),491611,0
16735,"Michael Rhett",Michael,A.,Rhett,,Doc,1,D,2,Sen,SD-033,6820186,151423,,Michael_A._Rhett,492090,0
17397,"David Clark",David,T.,Clark,,,2,R,1,Rep,HD-100,27826810,155931,,David_Clark_(Georgia),517795,0
17556,"Trey Rhodes",Trey,,Rhodes,,,2,R,1,Rep,HD-124,6864327,155991,,Trey_Rhodes,527148,0
17797,"Shaw Blackmon",Shaw,,Blackmon,,,2,R,1,Rep,HD-146,6847725,157218,,Shaw_Blackmon,549507,0
17798,"Doreen Carter",Doreen,,Carter,,,1,D,1,Rep,HD-093,12745822,142016,,Doreen_Carter,423259,0
17843,"Larry Walker",Larry,,Walker,,III,2,R,2,Sen,SD-020,31649698,157220,,Larry_Walker_(Georgia),564050,0
17915,"Park Cannon",Park,,Cannon,,,1,D,1,Rep,HD-058,37701277,168251,,Park_Cannon,571285,0
18706,"Karen Mathiak",Karen,,Mathiak,,,2,R,1,Rep,HD-082,6999819,168333,,Karen_Mathiak,573867,0
18707,"Samuel Park",Samuel,,Park,,Sam,1,D,1,Rep,HD-107,39525534,168354,,Samuel_Park,573883,0
18708,"Ricky Williams",Ricky,A.,Williams,,,2,R,2,Sen,SD-025,7082937,168374,,Ricky_Williams,573931,0
18709,"Blake Tillery",Blake,,Tillery,,,2,R,2,Sen,SD-019,29678984,157680,,Blake_Tillery,573160,0
18875,"Josh Bonner",Josh,,Bonner,,,2,R,1,Rep,HD-073,39525503,168331,,Josh_Bonner,581561,0
18879,"Debra Bazemore",Debra,,Bazemore,,,1,D,1,Rep,HD-069,39525488,168263,,Debra_Bazemore,573210,0
18880,"Rhonda Burnough",Rhonda,,Burnough,,,1,D,1,Rep,HD-077,39525511,168337,,Rhonda_Burnough,573232,0
18883,"Matt Dubnik",Matt,,Dubnik,,,2,R,1,Rep,HD-029,39525455,168220,,Matt_Dubnik,573189,0
18884,"Carl Gilliard",Carl,,Gilliard,,,1,D,1,Rep,HD-162,38601745,168382,,Carl_Gilliard,573899,0
18887,"Scott Hilton",Scott,,Hilton,,,2,R,1,Rep,HD-048,23350786,168350,,Scott_Hilton_(Georgia),573327,0
18889,"Derrick Jackson",Derrick,L.,Jackson,,,1,D,1,Rep,HD-068,39525492,168268,,Derrick_Jackson,573858,0
18890,"Todd Jones",Todd,,Jones,,,2,R,1,Rep,HD-025,436063,168219,,Todd_Jones,573835,0
18895,"Mark Newton",Mark,,Newton,,,2,R,1,Rep,HD-127,7114507,168368,,Mark_Newton,573237,0
18896,"Jason Ridley",Jason,T.,Ridley,,,2,R,1,Rep,HD-006,39525436,168189,,Jason_Ridley,573174,0
18898,"Deborah Silcox",Deborah,,Silcox,,,2,R,1,Rep,HD-053,6925863,168240,,Deborah_Silcox,573921,0
18899,"Matt Brass",Matt,,Brass,,,2,R,2,Sen,SD-006,6699883,168481,,Matt_Brass,440923,0
19105,"Chuck Payne",Chuck,,Payne,,,2,R,2,Sen,SD-054,42679108,176008,,Chuck_Payne,613186,0
19497,"Kim Schofield",Kim,,Schofield,,,1,D,1,Rep,HD-063,44001482,176796,,Kim_Schofield,648722,0
19498,"Kay Kirkpatrick",Kay,,Kirkpatrick,,,2,R,2,Sen,SD-032,7088065,176159,,Kay_Kirkpatrick,627812,0
19524,"Kasey Carpenter",Kasey,,Carpenter,,,2,R,1,Rep,HD-004,38197505,168187,,Kasey_Carpenter,573173,0
19584,"John LaHood",John,,LaHood,,,2,R,1,Rep,HD-175,44290775,177653,,John_LaHood,655973,0
20734,"Greg Dolezal",Greg,,Dolezal,,,2,R,2,Sen,SD-027,18331857,178679,,Greg_Dolezal,658381,0
20735,"Sally Harrell",Sally,,Harrell,,,1,D,2,Sen,SD-040,6376362,17571,,Sally_Harrell,193760,0
20737,"Sheikh Rahman",Sheikh,,Rahman,,,1,D,2,Sen,SD-005,6867473,142232,,Sheikh_Rahman,423383,0
20738,"Randy Robertson",Randy,,Robertson,,,2,R,2,Sen,SD-029,44893420,178681,,Randy_Robertson,665456,0
20841,"El-Mahdi Holly",El-Mahdi,,Holly,,,1,D,1,Rep,HD-116,44113802,177390,,El-Mahdi_Holly,658587,0
20842,"Josh McLaurin",Josh,,McLaurin,,,1,D,2,Sen,SD-014,44893350,178766,,Josh_McLaurin,658495,0
20844,"Vance Smith",Vance,,Smith,,,2,R,1,Rep,HD-138,44893382,7976,,Vance_Smith,193799,0
20968,"Jasmine Clark",Jasmine,,Clark,,,1,D,1,Rep,HD-108,44893375,178958,,Jasmine_Clark,665556,0
20969,"Viola Davis",Viola,,Davis,,,1,D,1,Rep,HD-087,6587222,31566,,Viola_Davis,658534,0
20970,"Chris Erwin",Chris,,Erwin,,,2,R,1,Rep,HD-032,44893324,178732,,Chris_Erwin,665492,0
20972,"Houston Gaines",Houston,,Gaines,,,2,R,1,Rep,HD-120,44001488,176757,,Houston_Gaines,658598,0
20973,"Matthew Gambill",Matthew,,Gambill,,,2,R,1,Rep,HD-015,29111738,178719,,Matthew_Gambill,658445,0
20974,"Joseph Gullett",Joseph,,Gullett,,,2,R,1,Rep,HD-019,6800837,178724,,Joseph_Gullett,658451,0
20975,"Betsy Holland",Betsy,,Holland,,,1,D,1,Rep,HD-054,44893112,178801,,Betsy_Holland,658498,0
20977,"Shelly Hutchinson",Shelly,,Hutchinson,,,1,D,1,Rep,HD-106,18153920,178957,,Shelly_Hutchinson,658574,0
20980,"Danny Mathis",Danny,,Mathis,,,2,R,1,Rep,HD-133,44893197,178975,,Danny_Mathis,658627,0
20982,"Steven Meeks",Steven,,Meeks,,,2,R,1,Rep,HD-178,44893399,178992,,Steven_Meeks,206302,0
20983,"Martin Momtahan",Martin,,Momtahan,,,2,R,1,Rep,HD-017,44893053,178720,,Martin_Momtahan,658449,0
20985,"Colton Moore",Colton,,Moore,,,2,R,2,Sen,SD-053,44893038,178711,,Colton_Moore,658441,0
20987,"Steven Sainz",Steven,,Sainz,,,2,R,1,Rep,HD-180,44893402,178994,,Steven_Sainz,658649,0
20988,"Mitchell Scoggins",Mitchell,,Scoggins,,,2,R,1,Rep,HD-014,46894497,185909,,Mitchell_Scoggins,689039,0
20989,"Dale Washburn",Dale,,Washburn,,,2,R,1,Rep,HD-144,12999337,32064,,Dale_Washburn,658620,0
20990,"Marcus Wiedower",Marcus,A.,Wiedower,,,2,R,1,Rep,HD-121,44001491,176760,,Marcus_Wiedower,658604,0
20992,"Mary Williams",Mary,Frances,Williams,,,1,D,1,Rep,HD-037,12379054,178744,,Mary_Frances_Williams,665505,0
20993,"Noel Williams",Noel,,Williams,Jr.,,2,R,1,Rep,HD-148,44893206,178980,,Noel_Williams_Jr.,658630,0
21114,"Ginny Ehrhart",Ginny,,Ehrhart,,,2,R,1,Rep,HD-036,44893328,178740,,Ginny_Ehrhart,665500,0
21240,"Matt Barton",Matt,,Barton,,,2,R,1,Rep,HD-005,46894535,185940,,Matt_Barton,696155,0
21333,"James Burchett",James,,Burchett,,,2,R,1,Rep,HD-176,47156676,185983,,James_Burchett,699697,0
21417,"Bill Yearta",Bill,,Yearta,,,2,R,1,Rep,HD-152,6846950,187287,,Bill_Yearta,727953,0
21611,"Joe Campbell",Joe,,Campbell,,,2,R,1,Rep,HD-171,19289746,188950,,Joe_Campbell_(Georgia),731916,0
21619,"Carden Summers",Carden,H.,Summers,,,2,R,2,Sen,SD-013,6586954,31416,,Carden_Summers,734733,0
22295,"Jason Anavitarte",Jason,,Anavitarte,,,2,R,2,Sen,SD-031,49394267,190320,,Jason_Anavitarte,713765,0
22296,"Michelle Au",Michelle,,Au,,,1,D,1,Rep,HD-050,42173481,190185,,Michelle_Au,734985,0
22297,"Max Burns",Max,,Burns,,,2,R,2,Sen,SD-023,7175988,32069,,Max_Burns,211721,0
22298,"Clint Dixon",Clint,,Dixon,,,2,R,2,Sen,SD-045,49394328,190326,,Clint_Dixon,734973,0
22299,"Russ Goodman",Russ,,Goodman,,,2,R,2,Sen,SD-008,17729274,190131,,Russ_Goodman,734566,0
22300,"Sonya Halpern",Sonya,,Halpern,,,1,D,2,Sen,SD-039,50861573,195315,,Sonya_Halpern,752261,0
22301,"Bo Hatchett",Bo,,Hatchett,,,2,R,2,Sen,SD-050,49574422,190329,,Bo_Hatchett,734993,0
22302,"Billy Hickman",Billy,,Hickman,,,2,R,2,Sen,SD-004,49746231,192247,,Billy_Hickman_(Georgia),743607,0
22303,"Kim Jackson",Kim,,Jackson,,,1,D,2,Sen,SD-041,49394370,190173,,Kim_Jackson,734955,0
22305,"Nikki Merritt",Nikki,,Merritt,,,1,D,2,Sen,SD-009,47927375,190132,,Nikki_Merritt,734709,0
22325,"Victor Anderson",Victor,E.,Anderson,,,2,R,1,Rep,HD-010,49394268,158056,,Victor_Anderson,739380,0
22326,"Mike Cameron",Mike,,Cameron,,,2,R,1,Rep,HD-001,49394301,190334,,Mike_Cameron,734519,0
22327,"Beth Camp",Beth,,Camp,,,2,R,1,Rep,HD-135,48023426,190404,,Beth_Camp,735207,0
22328,"Clint Crowe",Clinton,T.,Crowe,,Clint,2,R,1,Rep,HD-118,14052075,190389,,Clint_Crowe,739408,0
22329,"Buddy DeLoach",Homer,,DeLoach,,Buddy,2,R,1,Rep,HD-167,6529113,190389,,Buddy_DeLoach,193815,0
22330,"Stan Gunter",Stan,,Gunter,,,2,R,1,Rep,HD-008,13009998,190339,,Stan_Gunter,734770,0
22331,"Sharon Henderson",Sharon,,Henderson,,,1,D,1,Rep,HD-113,39525548,168364,,Sharon_Henderson,573235,0
22332,"David Jenkins",David,,Jenkins,,,2,R,1,Rep,HD-136,45295121,190406,,David_Jenkins_(Georgia),735208,0
22333,"Rob Leverett",Rob,,Leverett,,,2,R,1,Rep,HD-123,49394392,190366,,Rob_Leverett,735259,0
22334,"Regina Lewis-Ward",Regina,,Lewis-Ward,,,1,D,1,Rep,HD-115,44893166,178960,,Regina_Lewis-Ward,658578,0
22335,"Marvin Lim",Marvin,,Lim,,,1,D,1,Rep,HD-098,49394393,190276,,Marvin_Lim,735378,0
22338,"Derek Mallow",Derek,J.,Mallow,,,1,D,2,Sen,SD-002,49394397,190302,,Derek_Mallow,735196,0
22339,"Lauren McDonald",Lauren,W.,McDonald,III,,2,R,1,Rep,HD-026,24360979,151410,,Lauren_W._McDonald_III,492060,0
22342,"Shea Roberts",Shea,,Roberts,,,1,D,1,Rep,HD-052,44893351,178768,,Shea_Roberts,658497,0
22343,"Tyler Smith",Tyler,Paul,Smith,,,2,R,1,Rep,HD-018,49574399,190358,,Tyler_Smith_(Georgia),734881,0
22344,"Rhonda Taylor",Rhonda,S.,Taylor,,,1,D,1,Rep,HD-092,39525525,168348,,Rhonda_Taylor_(Georgia),581565,0
22345,"Brad Thomas",Brad,,Thomas,,,2,R,1,Rep,HD-021,49394482,190364,,Brad_Thomas_(Georgia),739385,0
22347,"Will Wade",Will,,Wade,,,2,R,1,Rep,HD-009,49394489,190349,,Will_Wade,708501,0
22900,"Angela Moore",Angela,,Moore,,,1,D,1,Rep,HD-091,6467833,105138,,Angela_Moore,770752,0
22970,"Leesa Hagan",Leesa,,Hagan,,,2,R,1,Rep,HD-156,53819056,196273,,Leesa_Hagan,781443,0
22971,"Edna Jackson",Edna,,Jackson,,,1,D,1,Rep,HD-165,54381931,72328,,Edna_Jackson,790588,0
22972,"Devan Seabaugh",Devan,,Seabaugh,,,2,R,1,Rep,HD-034,45798852,196271,,Devan_Seabaugh,781440,0
23945,"Shawn Still",Shawn,,Still,,,2,R,2,Sen,SD-048,45293041,203341,,Shawn_Still,0,0
23973,"Jason Esteves",Jason,,Esteves,,,1,D,2,Sen,SD-035,55357370,140318,,Jason_Esteves,0,0
23974,"Mike Hodges",Mike,,Hodges,,,2,R,2,Sen,SD-003,55357363,203298,,Mike_Hodges,0,0
24402,"Imani Barnes",Imani,,Barnes,,,1,D,1,Rep,HD-086,55357578,203446,,Imani_Barnes,0,0
24403,"Esther Panitch",Esther,,Panitch,,,1,D,1,Rep,HD-051,55357520,203404,,Esther_Panitch,0,0
24404,"Soo Hong",Soo,,Hong,,,2,R,1,Rep,HD-103,49394367,190383,,Soo_Hong,0,0
24405,"Inga Willis",Inga,,Willis,,,1,D,1,Rep,HD-055,55357528,203410,,Inga_Willis,0,0
24419,"Solomon Adesanya",Solomon,,Adesanya,,,1,D,1,Rep,HD-043,55357505,207193,,Solomon_Adesanya,0,0
24420,"Segun Adeyina",Segun,,Adeyina,,,1,D,1,Rep,HD-110,55357611,203474,,Segun_Adeyina,0,0
24421,"Bethany Ballard",Bethany,,Ballard,,,2,R,1,Rep,HD-147,55357652,203507,,Bethany_Ballard,0,0
24422,"Lisa Campbell",Lisa,,Campbell,,,1,D,1,Rep,HD-035,49394302,190211,,Lisa_Campbell_(Georgia),0,0
24423,"Brent Cox",Brent,,Cox,,,2,R,1,Rep,HD-028,55357475,203380,,Brent_Cox,0,0
24424,"Omari Crawford",Omari,,Crawford,,,1,D,1,Rep,HD-089,55357574,203445,,Omari_Crawford,0,0
24425,"Terry Cummings",Terry,Alexis,Cummings,,,1,D,1,Rep,HD-039,55357495,190215,,Terry_Cummings,0,0
24427,"Saira Draper",Saira,,Draper,,,1,D,1,Rep,HD-090,55357584,203452,,Saira_Draper,0,0
24428,"Tim Fleming",Tim,,Fleming,,,2,R,1,Rep,HD-114,55357617,116385,,Tim_Fleming,0,0
24429,"Lehman Franklin",Lehman,,Franklin,,,2,R,1,Rep,HD-160,55357664,203514,,Lehman_Franklin,0,0
24430,"Lynn Heffner",Lynn,,Heffner,,,1,D,1,Rep,HD-130,55357636,203494,,Lynn_Gladney,0,0
24431,"Lydia Glaize",Lydia,,Glaize,,,1,D,1,Rep,HD-067,55357553,203425,,Lydia_Glaize,0,0
24432,"Mitchell Horner",Mitchell,,Horner,,,2,R,1,Rep,HD-003,55357445,203358,,Mitchell_Horner,0,0
24433,"Karlton Howard",Karlton,L.,Howard,,,1,D,1,Rep,HD-129,58284332,211149,,Karlton_Howard,0,0
24434,"David Huddleston",David,,Huddleston,,,2,R,1,Rep,HD-072,55357562,203434,,David_Huddleston,0,0
24435,"Karen Lupton",Karen,,Lupton,,,1,D,1,Rep,HD-083,55357573,203444,,Karen_Lupton,0,0
24436,"Reynaldo Martinez",Reynaldo,,Martinez,,Rey,2,R,1,Rep,HD-111,55357612,203475,,"Reynaldo_""Rey""_Martinez",0,0
24437,"Derrick McCollum",Derrick,,McCollum,,,2,R,1,Rep,HD-030,55357483,190384,,Derrick_McCollum,0,0
24438,"Tanya Miller",Tanya,F.,Miller,,,1,D,1,Rep,HD-062,55357543,203417,,Tanya_Miller,0,0
24441,"Kimberly New",Kimberly,R.,New,,,2,R,1,Rep,HD-040,55357546,203419,,Kimberly_New,0,0
24442,"Gabe Okoye",Gabe,,Okoye,,,1,D,1,Rep,HD-102,6817532,190133,,Gabe_Okoye,0,0
24443,"Phil Olaleye",Phil,,Olaleye,,,1,D,1,Rep,HD-059,55357536,203413,,Phil_Olaleye,0,0
24444,"Teddy Reese",Tremaine,,Reese,,Teddy,1,D,1,Rep,HD-140,55357647,203503,,Tremaine_Teddy_Reese,0,0
24445,"Matt Reeves",Matt,,Reeves,,,2,R,1,Rep,HD-099,55357599,178704,,Matt_Reeves,0,0
24446,"Jordan Ridley",Jordan,,Ridley,,,2,R,1,Rep,HD-022,49574411,190360,,Jordan_Ridley,0,0
24447,"Ruwa Romman",Ruwa,,Romman,,,1,D,1,Rep,HD-097,55357596,203461,,Ruwa_Romman,0,0
24448,"David Sampson",David,,Sampson,,,1,D,1,Rep,HD-153,55357657,203510,,David_Sampson,0,0
24449,"Rick Townsend",Rick,,Townsend,,,2,R,1,Rep,HD-179,55357682,203352,,Rick_Townsend,0,0
24450,"Long Tran",Long,,Tran,,,1,D,1,Rep,HD-080,55357570,203440,,Long_Tran,0,0
24452,"Anne Westbrook",Anne,Allen,Westbrook,,,1,D,1,Rep,HD-163,33045822,190306,,Anne_Westbrook,0,0
24453,"Carter Barrett",Carter,,Barrett,,,2,R,1,Rep,HD-024,55357470,203375,,Carter_Barrett,0,0
24875,"Charles Cannon",Charles,H.,Cannon,,Chas,2,R,1,Rep,HD-172,58374490,211309,,Charles_Cannon,0,0
24876,"Johnny Chastain",Johnny,,Chastain,,,2,R,1,Rep,HD-007,58308889,211311,,Johnny_Chastain,0,0
24911,"Holt Persinger",Holt,,Persinger,,,2,R,1,Rep,HD-119,58374495,211306,,Holt_Persinger,0,0
24929,"Eric Bell",Eric,,Bell,II,,1,D,1,Rep,HD-075,0,211596,,Eric_Bell_II_(Georgia),0,0
24985,"Nabilah Islam Parkes",Nabilah,,"Islam Parkes",,,1,D,2,Sen,SD-007,0,189766,,Nabilah_Islam,0,0
25168,"Timothy Bearden",Timothy,J.,Bearden,,Tim,2,R,2,Sen,SD-030,40783695,31980,,Tim_Bearden,0,0
25179,"Gary Richardson",Gary,,Richardson,,,2,R,1,Rep,HD-125,59682213,214836,,Gary_Richardson_(Georgia),0,0
26222,"Sylvia Baker",Sylvia,Wayfer,Baker,,,1,D,1,Rep,HD-064,59828013,215239,,Sylvia_Wayfer,0,0
26223,"Arlene Beckles",Arlene,,Beckles,,,1,D,1,Rep,HD-096,59828067,215260,,Arlene_Beckles,0,0
26224,"Bryce Berry",Bryce,,Berry,,,1,D,1,Rep,HD-056,59828314,215226,,Bryce_Berry,0,0
26225,"Rob Clifton",Rob,,Clifton,,,2,R,1,Rep,HD-131,59828004,215280,,Rob_Clifton_(Georgia),0,0
26226,"Robert Dawson",Robert,,Dawson,,,1,D,1,Rep,HD-065,55357539,203414,,Robert_Dawson_(Georgia),0,0
26227,"Sandy Donatucci",Sandy,,Donatucci,,,2,R,1,Rep,HD-105,58347281,210864,,Sandy_Donatucci,0,0
26228,"Robert Flournoy",Robert,,Flournoy,Jr.,,1,D,1,Rep,HD-074,55357420,203336,,Robert_Flournoy_Jr.,0,0
26229,"Jaclyn Ford",Jaclyn,,Ford,,,2,R,1,Rep,HD-170,59828271,215186,,Jaclyn_Ford_(Georgia),0,0
26230,"Floyd Griffin",Floyd,,Griffin,Jr.,,1,D,1,Rep,HD-149,6417454,7802,,Floyd_Griffin,0,0
26231,"Tangie Herring",Tangie,,Herring,,,1,D,1,Rep,HD-145,59828266,215265,,Tangie_Herring,0,0
26232,"Jutt Howard",Justin,,Howard,,Jutt,2,R,1,Rep,HD-071,59828143,215249,,Justin_Howard,0,0
26233,"Anissa Jones",Anissa,,Jones,,,1,D,1,Rep,HD-143,59828094,215269,,Anissa_Jones,0,0
26234,"Noelle Kahaian",Noelle,,Kahaian,,,2,R,1,Rep,HD-081,54921029,203484,,Noelle_Kahaian,0,0
26235,"Mekyah McQueen",Mekyah,,McQueen,,,1,D,1,Rep,HD-061,59828033,215237,,Mekyah_McQueen,0,0
26236,"L.C. Myles",L.C.,,Myles,Jr.,,1,D,1,Rep,HD-126,59828187,215286,,L_C_Myles_Jr.,0,0
26237,"Angie O'Steen",Angela,,O'Steen,,Angie,2,R,1,Rep,HD-169,59828254,215189,,Angie_O'Steen,0,0
26238,"Carmen Rice",Carmen,,Rice,,,2,R,1,Rep,HD-139,59828042,215274,,Carmen_Rice,0,0
26239,"Gabriel Sanchez",Gabriel,,Sanchez,,,1,D,1,Rep,HD-042,59827986,215212,,Gabriel_Sanchez_(Georgia),0,0
26240,"Mary Ann Santos","Mary Ann",,Santos,,,1,D,1,Rep,HD-117,59828268,215292,,Mary_Ann_Santos,0,0
26241,"Drew Echols",Drew,,Echols,,,2,R,2,Sen,SD-049,59828082,215152,,Drew_Echols,0,0
26242,"RaShaun Kemp",RaShaun,,Kemp,,,1,D,2,Sen,SD-038,55357540,203415,,Rashaun_Kemp,0,0
26243,"Kenya Wicks",Kenya,,Wicks,,,1,D,2,Sen,SD-034,59828164,215134,,Kenya_Wicks,0,0
