people_id,name,first_name,middle_name,last_name,suffix,nickname,party_id,party,role_id,role,district,followthemoney_eid,votesmart_id,opensecrets_id,ballotpedia,knowwho_pid,committee_id
940,"Anthony DeLuca",Anthony,,DeLuca,,,1,D,1,Rep,HD-080,6499098,73239,,Anthony_DeLuca_(Illinois),276817,0
949,"Chapin Rose",Chapin,,Rose,,,2,R,2,Sen,SD-051,3142092,33905,,Chapin_Rose,212671,0
972,"Elizabeth Hernandez",Elizabeth,,Hernandez,,Lisa,1,D,1,Rep,HD-002,3015340,33441,,Elizabeth_Hernandez_(Illinois),250823,0
977,"Fred Crespo",Fred,,Crespo,,,1,D,1,Rep,HD-044,6468210,57416,,Fred_Crespo,250825,0
983,"Jay Hoffman",Jay,C.,Hoffman,,,1,D,1,Rep,HD-113,6514695,6334,,Jay_C._Hoffman,194397,0
984,"Jil Tracy",Jil,Walker,Tracy,,,2,R,2,Sen,SD-050,2706708,68145,,Jil_Tracy,247264,0
1004,"LaShawn Ford",LaShawn,K.,Ford,,,1,D,1,Rep,HD-008,2600456,18379,,La_Shawn_K._Ford,250819,0
1010,"Mark Walker",Mark,L.,Walker,,,1,D,2,Sen,SD-027,2894080,101817,,Mark_Walker_(Illinois),270611,0
1032,"Robert Rita",Robert,,Rita,,Bob,1,D,1,Rep,HD-028,2665989,33351,,Robert_Rita,212674,0
1040,"Sara Feigenholtz",Sara,,Feigenholtz,,,1,D,2,Sen,SD-006,2667276,6323,,Sara_Feigenholtz,194298,0
1062,"Dave Syverson",Dave,,Syverson,,,2,R,2,Sen,SD-035,2749263,6289,,Dave_Syverson,194259,0
1063,"David Koehler",David,,Koehler,,,1,D,2,Sen,SD-046,13011845,56935,,David_Koehler,250814,0
1066,"Don Harmon",Don,,Harmon,,,1,D,2,Sen,SD-039,3024041,33608,,Don_Harmon,212712,0
1069,"Emil Jones",Emil,,Jones,III,,1,D,2,Sen,SD-014,13011788,110860,,Emil_Jones,312119,0
1085,"Kimberly Lightford",Kimberly,A.,Lightford,,,1,D,2,Sen,SD-004,13011765,18241,,Kimberly_Lightford,193900,0
1090,"Linda Holmes",Linda,,Holmes,,,1,D,2,Sen,SD-042,6468287,56933,,Linda_Holmes,250812,0
1095,"Mattie Hunter",Mattie,,Hunter,,,1,D,2,Sen,SD-003,2684958,33592,,Mattie_Hunter,214463,0
1112,"Jehan Gordon-Booth",Jehan,A.,Gordon-Booth,,,1,D,1,Rep,HD-092,6485906,101832,,Jehan_Gordon-Booth,270625,0
1116,"William Davis",William,,Davis,,Will,1,D,1,Rep,HD-030,6380735,33782,,William_Davis_(Illinois),212675,0
4407,"Robyn Gabel",Robyn,,Gabel,,,1,D,1,Rep,HD-018,2692346,116618,,Robyn_Gabel,287099,0
5847,"Camille Lilly",Camille,,Lilly,,,1,D,1,Rep,HD-078,13000150,122004,,Camille_Y._Lilly,293933,0
9627,"Rita Mayfield",Rita,,Mayfield,,,1,D,1,Rep,HD-060,6512085,127235,,Rita_Mayfield,297371,0
11227,"Joe Sosnowski",Joe,C.,Sosnowski,,,2,R,1,Rep,HD-069,6680931,74480,,Joe_Sosnowski,291440,0
11229,"Norine Hammond",Norine,K.,Hammond,,,2,R,1,Rep,HD-094,6700319,128487,,Norine_Hammond,314709,0
11231,"Wayne Rosenthal",Wayne,Arthur,Rosenthal,,,2,R,1,Rep,HD-108,13000199,116692,,Wayne_Arthur_Rosenthal,291449,0
11595,"Thaddeus Jones",Thaddeus,,Jones,,,1,D,1,Rep,HD-029,12999998,73059,,Thaddeus_Jones,291413,0
11653,"Ann Williams",Ann,M.,Williams,,,1,D,1,Rep,HD-011,6498894,116611,,Ann_M._Williams,291406,0
11929,"William Cunningham",William,,Cunningham,,Bill,1,D,2,Sen,SD-018,6512073,127803,,Bill_Cunningham_(Illinois),297465,0
11932,"Susan Rezin",Susan,,Rezin,,Sue,2,R,2,Sen,SD-038,2754091,116675,,Sue_Rezin,289878,0
12077,"Michelle Mussman",Michelle,,Mussman,,,1,D,1,Rep,HD-056,2740714,116656,,Michelle_Mussman,289863,0
13122,"Kelly Cassidy",Kelly,M.,Cassidy,,,1,D,1,Rep,HD-014,6514650,129542,,Kelly_Cassidy,343438,0
13124,"Kimberly Du Buclet",Kimberly,,"Du Buclet",,,1,D,1,Rep,HD-005,0,0,,Kimberly_du_Buclet,342342,0
13949,"Marcus Evans",Marcus,C.,Evans,Jr.,,1,D,1,Rep,HD-033,16072351,140354,,Marcus_Evans,426324,0
13951,"Brad Halbrook",Brad,,Halbrook,,,2,R,1,Rep,HD-107,6700422,134985,,Brad_Halbrook,387743,0
13956,"Lawrence Walsh",Lawrence,M.,Walsh,Jr.,,1,D,1,Rep,HD-086,3528756,149703,,"Lawrence_Walsh,_Jr.",436208,0
13972,"John Cabello",John,M.,Cabello,,,2,R,1,Rep,HD-090,13000126,116666,,John_M._Cabello,289871,0
13973,"Elgie Sims",Elgie,R.,Sims,Jr.,,1,D,2,Sen,SD-017,6514877,135053,,"Elgie_R._Sims,_Jr.",386901,0
14028,"Christopher Davidsmeyer",Christopher,D.,Davidsmeyer,,CD,2,R,1,Rep,HD-100,2724326,144279,,C.D._Davidsmeyer,446543,0
14308,"Laura Fine",Laura,,Fine,,,1,D,2,Sen,SD-009,12999961,135036,,Laura_Fine,387347,0
14316,"Napoleon Harris",Napoleon,,Harris,III,,1,D,2,Sen,SD-015,2886281,134977,,Napoleon_Harris,387379,0
14317,"Michael Hastings",Michael,E.,Hastings,,,1,D,2,Sen,SD-019,6514744,134982,,Michael_Hastings,386237,0
14320,"Julie Morrison",Julie,A.,Morrison,,,1,D,2,Sen,SD-029,6514844,113571,,Julie_Morrison,387450,0
14323,"Steve Stadelman",Steve,,Stadelman,,,1,D,2,Sen,SD-034,6514912,135008,,Steve_Stadelman,387491,0
14571,"Charles Meier",Charles,E.,Meier,,,2,R,1,Rep,HD-109,2742367,135110,,Charles_E._Meier,387739,0
14572,"Emanuel Welch",Emanuel,,Welch,,Chris,1,D,1,Rep,HD-007,2814076,58207,,Chris_Welch,385437,0
15382,"Robert Martwick",Robert,F.,Martwick,Jr.,,1,D,2,Sen,SD-010,6514740,9479,,Robert_Martwick,387357,0
15634,"Martin Moylan",Martin,J.,Moylan,,,1,D,1,Rep,HD-055,2815766,73453,,Martin_J._Moylan,387515,0
15691,"Stephanie Kifowit",Stephanie,A.,Kifowit,,,1,D,1,Rep,HD-084,6515077,72443,,Stephanie_Kifowit,387605,0
15693,"Natalie Manley",Natalie,A.,Manley,,,1,D,1,Rep,HD-098,6515102,135077,,Natalie_Manley,387729,0
15695,"Sue Scherer",Sue,,Scherer,,,1,D,1,Rep,HD-096,6515099,135086,,Sue_Scherer,387726,0
16050,"Jaime Andrade",Jaime,M.,Andrade,Jr.,,1,D,1,Rep,HD-040,2860408,144966,,Jaime_Andrade,465890,0
16240,"Anna Moeller",Anna,,Moeller,,,1,D,1,Rep,HD-043,19002270,130766,,Anna_Moeller,493607,0
16592,"Terri Bryant",Terri,,Bryant,,,2,R,2,Sen,SD-058,15990010,147807,,Terri_Bryant,477858,0
16881,"Neil Anderson",Neil,,Anderson,,,2,R,2,Sen,SD-047,6700731,135090,,Neil_Anderson_(Illinois),387556,0
17366,"Will Guzzardi",Will,,Guzzardi,,,1,D,1,Rep,HD-039,6514941,135062,,Will_Guzzardi,387428,0
17411,"Carol Ammons",Carol,,Ammons,,,1,D,1,Rep,HD-103,21776713,106935,,Carol_Ammons,477852,0
17721,"Laura Murphy",Laura,M.,Murphy,,,1,D,2,Sen,SD-028,12432499,18165,,Laura_Murphy_(Illinois),555460,0
17724,"Sonya Harper",Sonya,M.,Harper,,,1,D,1,Rep,HD-006,35396271,166131,,Sonya_Harper,559508,0
17935,"Dan McConchie",Dan,,McConchie,,,2,R,2,Sen,SD-026,13907968,166357,,Dan_McConchie,560949,0
17968,"Omar Aquino",Omar,,Aquino,,,1,D,2,Sen,SD-002,28299218,166441,,Omar_Aquino,486834,0
18542,"Justin Slaughter",Justin,D.,Slaughter,,,1,D,1,Rep,HD-027,44164088,166389,,Justin_Slaughter,560998,0
18658,"Cristina Castro",Cristina,,Castro,,,1,D,2,Sen,SD-022,32519126,115590,,Cristina_Castro,560946,0
18659,"Dale Fowler",Dale,,Fowler,,,2,R,2,Sen,SD-059,3544916,166365,,Dale_Fowler,560989,0
18732,"Steven Reick",Steven,,Reick,,,2,R,1,Rep,HD-063,21085141,147781,,Steven_Reick,477796,0
18945,"Ryan Spain",Ryan,,Spain,,,2,R,1,Rep,HD-073,19119932,74434,,Ryan_Spain,561014,0
19104,"Theresa Mah",Theresa,,Mah,,,1,D,1,Rep,HD-024,2674390,166371,,Theresa_Mah,560990,0
19117,"Tony McCombie",Tony,M.,McCombie,,,2,R,1,Rep,HD-089,38445083,166410,,Tony_McCombie,561010,0
19118,"Dave Severin",Dave,,Severin,,,2,R,1,Rep,HD-116,38445127,166473,,Dave_Severin,561041,0
19125,"Katie Stuart",Katie,,Stuart,,,1,D,1,Rep,HD-112,38445121,166431,,Katie_Stuart,561037,0
19126,"Michael Halpin",Michael,W.,Halpin,,,1,D,2,Sen,SD-036,38445085,166412,,Michael_Halpin,561012,0
19131,"Daniel Swanson",Daniel,M.,Swanson,,Dan,2,R,1,Rep,HD-071,38445092,131385,,Daniel_Swanson,561015,0
19411,"John Curran",John,F.,Curran,,,2,R,2,Sen,SD-041,35947360,74860,,John_Curran,635242,0
19571,"Nicholas Smith",Nicholas,K.,Smith,Jr.,Nick,1,D,1,Rep,HD-034,44365345,178670,,Nicholas_Smith_(Illinois),655177,0
19668,"Jeff Keicher",Jeff,,Keicher,,,2,R,1,Rep,HD-070,44164167,177200,,Jeff_Keicher,645540,0
19675,"Donald DeWitte",Donald,P.,DeWitte,,Don,2,R,2,Sen,SD-033,46003680,113461,,Don_DeWitte,680797,0
19687,"Celina Villanueva",Celina,,Villanueva,,,1,D,2,Sen,SD-012,12429508,185836,,Celina_Villanueva,675767,0
19688,"Craig Wilcox",Craig,,Wilcox,,,2,R,2,Sen,SD-032,44164101,177111,,Craig_Wilcox,645388,0
19737,"Andrew Chesney",Andrew,S.,Chesney,,,2,R,2,Sen,SD-045,26844672,177213,,Andrew_Chesney,645558,0
20194,"Jennifer Gong-Gershowitz",Jennifer,,Gong-Gershowitz,,,1,D,1,Rep,HD-017,44164062,177138,,Jennifer_Gong-Gershowitz,645455,0
20211,"Christopher Belt",Christopher,,Belt,,,1,D,2,Sen,SD-057,44164147,177123,,Christopher_Belt,646508,0
20213,"Robert Peters",Robert,,Peters,,,1,D,2,Sen,SD-013,46908693,186002,,Robert_Peters,693823,0
20214,"Ram Villivalam",Ram,,Villivalam,,,1,D,2,Sen,SD-008,44164034,177100,,Ram_Villivalam,451341,0
20391,"Laura Ellman",Laura,,Ellman,,,1,D,2,Sen,SD-021,44164071,177105,,Laura_Ellman,646482,0
20393,"Suzanne Glowiak Hilton",Suzanne,,"Glowiak Hilton",,Suzy,1,D,2,Sen,SD-023,44164073,147590,,Suzanne_Glowiak,477468,0
20394,"Steve McClure",Steve,,McClure,,,2,R,2,Sen,SD-054,44164132,168031,,Steve_McClure_(Illinois),645400,0
20395,"Jason Plummer",Jason,,Plummer,,,2,R,2,Sen,SD-055,6680783,122133,,Jason_Plummer,378732,0
20788,"Patrick Windhorst",Patrick,,Windhorst,,,2,R,1,Rep,HD-117,19946456,177247,,Patrick_Windhorst,645594,0
20899,"Amy Grant",Amy,L.,Grant,,,2,R,1,Rep,HD-047,44164117,158519,,Amy_Grant,646557,0
20900,"Blaine Wilhour",Blaine,,Wilhour,,,2,R,1,Rep,HD-110,44164210,89502,,Blaine_Wilhour,645583,0
20901,"Chris Miller",Chris,,Miller,,,2,R,1,Rep,HD-101,44164215,177237,,Chris_Miller_(Illinois_-_State_House),645588,0
20903,"Dan Ugaste",Dan,,Ugaste,,,2,R,1,Rep,HD-065,19929765,147784,,Dan_Ugaste,477805,0
20904,"Tom Weber",Tom,,Weber,,,2,R,1,Rep,HD-064,44164157,147886,,Tom_Weber_(Illinois),645537,0
20960,"Bob Morgan",Bob,,Morgan,,,1,D,1,Rep,HD-058,39522020,177186,,Bob_Morgan_(Illinois),645531,0
21028,"Joyce Mason",Joyce,,Mason,,,1,D,1,Rep,HD-061,42142361,177192,,Joyce_Mason,645534,0
21041,"Anne Stava-Murray",Anne,M.,Stava-Murray,,,1,D,1,Rep,HD-081,44164176,177205,,Anne_Stava-Murray,646616,0
21047,"Maurice West",Maurice,A.,West,II,,1,D,1,Rep,HD-067,44164164,177197,,Maurice_West_II,645539,0
21054,"Daniel Didech",Daniel,,Didech,,,1,D,1,Rep,HD-059,2605184,177189,,Daniel_Didech,645533,0
21101,"Mary Edly-Allen",Mary,,Edly-Allen,,,1,D,2,Sen,SD-031,45959220,182715,,Mary_Edly-Allen,671347,0
21102,"Curtis Tarver",Curtis,J.,Tarver,II,,1,D,1,Rep,HD-025,44164083,177148,,Curtis_Tarver_II,645465,0
21107,"Debbie Meyers-Martin",Debbie,,Meyers-Martin,,,1,D,1,Rep,HD-038,44164110,177164,,Debbie_Meyers-Martin,645520,0
21111,"Terra Costa Howard",Terra,,"Costa Howard",,,1,D,1,Rep,HD-042,44164127,177176,,Terra_Costa_Howard,645525,0
21112,"Karina Villa",Karina,,Villa,,,1,D,2,Sen,SD-025,44164129,177178,,Karina_Villa,645527,0
21117,"Aaron Ortiz",Aaron,M.,Ortiz,,,1,D,1,Rep,HD-001,44164003,177124,,Aaron_Ortiz,646509,0
21119,"Kambium Buckner",Kambium,,Buckner,,Kam,1,D,1,Rep,HD-026,46610455,186201,,Kambium_Buckner,265587,0
21325,"Barbara Hernandez",Barbara,,Hernandez,,,1,D,1,Rep,HD-050,44686844,186262,,Barbara_Hernandez,699437,0
21364,"Jawaharial Williams",Jawaharial,,Williams,,,1,D,1,Rep,HD-010,36860279,186497,,Jawaharial_%22Omar%22_Williams,708851,0
21376,"Bradley Stephens",Bradley,,Stephens,,Brad,2,R,1,Rep,HD-020,43082496,113172,,Brad_Stephens,678508,0
21378,"Lindsey LaPointe",Lindsey,,LaPointe,,,1,D,1,Rep,HD-019,29477170,186840,,Lindsey_LaPointe,713780,0
21392,"Patrick Joyce",Patrick,J.,Joyce,,,1,D,2,Sen,SD-040,48524751,58397,,Patrick_Joyce,722906,0
21538,"Eva Dina Delgado",Eva,,"Dina Delgado",,,1,D,1,Rep,HD-003,47065759,187929,,Eva_Dina_Delgado,723683,0
21539,"Edgar Gonzalez",Edgar,,Gonzalez,Jr.,,1,D,1,Rep,HD-023,48524725,188093,,Edgar_Gonzalez_Jr.,724369,0
21668,"Lakesia Collins",Lakesia,,Collins,,,1,D,2,Sen,SD-005,48524699,188023,,Lakesia_Collins,724218,0
21674,"Adriane Johnson",Adriane,,Johnson,,,1,D,2,Sen,SD-030,0,195711,,Adriane_Johnson,753914,0
22088,"Jackie Haas",Jackie,,Haas,,,2,R,1,Rep,HD-079,48524785,188042,,Jackie_Haas,724500,0
22246,"Margaret Croke",Margaret,Noble,Croke,,,1,D,1,Rep,HD-012,46257630,188107,,Margaret_Croke,724186,0
22249,"Meg Loughran Cappel",Meg,,"Loughran Cappel",,,1,D,2,Sen,SD-049,48524764,188062,,Meg_Loughran_Cappel,724349,0
22518,"Janet Yang Rohr",Janet,Yang,"Yang Rohr",,,1,D,1,Rep,HD-041,48524753,188070,,Janet_Yang_Rohr,724382,0
22538,"Suzanne Ness",Suzanne,M.,Ness,,,1,D,1,Rep,HD-066,48524776,188047,,Suzanne_Ness,724473,0
22560,"Dave Vella",Dave,,Vella,,,1,D,1,Rep,HD-068,48524778,188046,,Dave_Vella,724475,0
22579,"Adam Niemerg",Adam,M.,Niemerg,,,2,R,1,Rep,HD-102,48524812,188124,,Adam_Niemerg,724176,0
22636,"Maura Hirschauer",Maura,,Hirschauer,,,1,D,1,Rep,HD-049,48524766,188065,,Maura_Hirschauer,724387,0
22746,"Amy Elik",Amy,,Elik,,,2,R,1,Rep,HD-111,15989991,188117,,Amy_Elik,724177,0
22759,"Dagmara Avelar",Dagmara,,Avelar,,Dee,1,D,1,Rep,HD-085,48524793,188037,,Dagmara_Avelar,724507,0
22790,"Paul Jacobs",Paul,,Jacobs,,,2,R,1,Rep,HD-118,2796305,177244,,Paul_Jacobs,646693,0
22791,"Martin McLaughlin",Martin,,McLaughlin,,,2,R,1,Rep,HD-052,38445016,147931,,Martin_McLaughlin,561322,0
22792,"Sally Turner",Sally,J.,Turner,,,2,R,2,Sen,SD-044,54282899,195772,,Sally_Turner,765743,0
22793,"David Friess",David,,Friess,,,2,R,1,Rep,HD-115,44164222,177245,,David_Friess,645591,0
22794,"Seth Lewis",Seth,,Lewis,,,2,R,2,Sen,SD-024,52311465,147742,,Seth_Lewis,477765,0
22877,"Mike Simmons",Mike,,Simmons,,,1,D,2,Sen,SD-007,0,195815,,Mike_Simmons_(Illinois),253460,0
22884,"Doris Turner",Doris,,Turner,,,1,D,2,Sen,SD-048,23425276,84005,,Doris_Turner_(Illinois),766559,0
22890,"Angelica Guerrero-Cuellar",Angelica,J.,Guerrero-Cuellar,,,1,D,1,Rep,HD-022,0,195857,,Angelica_Guerrero-Cuellar,770579,0
22996,"Michael Kelly",Michael,J.,Kelly,,,1,D,1,Rep,HD-015,0,200759,,Michael_Kelly_(Illinois),792498,0
23181,"Javier Cervantes",Javier,Loera,Cervantes,,,1,D,2,Sen,SD-001,55357200,204366,,Javier_Loera_Cervantes,0,0
23380,"Diane Blair-Sherlock",Diane,,Blair-Sherlock,,,1,D,1,Rep,HD-046,55357059,204453,,Diane_Blair-Sherlock,0,0
23739,"Lilian Jimenez",Lilian,,Jimenez,,,1,D,1,Rep,HD-004,55356965,204403,,Lilian_Jimenez,0,0
23754,"William Hauter",William,E.,Hauter,,Bill,2,R,1,Rep,HD-087,55357141,204489,,Bill_Hauter,0,0
24165,"Erica Harriss",Erica,Conway,Harriss,,,2,R,2,Sen,SD-056,55357294,0,,Erica_Harriss,0,0
24166,"Mike Porfirio",Mike,,Porfirio,,,1,D,2,Sen,SD-011,55357216,204373,,Mike_Porfirio,0,0
24167,"Willie Preston",Willie,,Preston,,,1,D,2,Sen,SD-016,55357225,177160,,Willie_Preston,0,0
24168,"Rachel Ventura",Rachel,,Ventura,,,1,D,2,Sen,SD-043,55357273,187974,,Rachel_Ventura,0,0
24169,"Paul Faraci",Paul,,Faraci,,,1,D,2,Sen,SD-052,59505788,0,,,0,0
24517,"Kevin Schmidt",Kevin,,Schmidt,,,2,R,1,Rep,HD-114,55357192,0,,Kevin_Schmidt,724183,0
24643,"Harry Benton",Harry,,Benton,,,1,D,1,Rep,HD-097,48524805,188026,,Harry_Benton,0,0
24644,"Mary Canty","Mary Beth",,Canty,,,1,D,1,Rep,HD-054,55357073,197271,,Mary_Beth_Canty,0,0
24645,"Mike Coffey",Michael,J.,Coffey,Jr.,Mike,2,R,1,Rep,HD-095,23425529,0,,Mike_Coffey,0,0
24646,"Sharon Chung",Sharon,,Chung,,,1,D,1,Rep,HD-091,55357148,0,,Sharon_Chung,0,0
24647,"Jed Davis",Jed,,Davis,,,2,R,1,Rep,HD-075,55357115,204478,,Jed_Davis,0,0
24648,"Laura Faver Dias",Laura,,"Faver Dias",,,1,D,1,Rep,HD-062,55357088,204467,,Laura_Dias,804453,0
24649,"Bradley Fritts",Bradley,J.,Fritts,Brad,,2,R,1,Rep,HD-074,55357114,204477,,Brad_Fritts,0,0
24650,"Matt Hanson",Matt,,Hanson,,,1,D,1,Rep,HD-083,55357131,204483,,Matt_Hanson,0,0
24651,"Norma Hernandez",Norma,,Hernandez,,,1,D,1,Rep,HD-077,55357121,204480,,Norma_Hernandez_(Illinois),0,0
24653,"Kevin Olickal",Kevin,John,Olickal,,,1,D,1,Rep,HD-016,55356995,188101,,Kevin_Olickal,0,0
24654,"Abdelnasser Rashid",Abdelnasser,,Rashid,,,1,D,1,Rep,HD-021,55357005,204427,,Abdelnasser_Rashid,0,0
24655,"Jennifer Sanalitro",Jennifer,,Sanalitro,,,2,R,1,Rep,HD-048,50935920,0,,Jennifer_Sanalitro,0,0
24656,"Nabeela Syed",Nabeela,,Syed,,,1,D,1,Rep,HD-051,55357067,0,,Nabeela_Syed,0,0
24657,"Dennis Tipsword",Dennis,,Tipsword,Jr.,,2,R,1,Rep,HD-105,55357176,204499,,Dennis_Tipsword_Jr.,0,0
24778,"Travis Weaver",Travis,,Weaver,,,2,R,1,Rep,HD-093,55357154,204495,,Travis_Weaver,804556,0
24779,"Hoan Huynh",Hoan,,Huynh,,,1,D,1,Rep,HD-013,55356987,204414,,Hoan_Huynh,777821,0
24817,"Gregg Johnson",Gregg,,Johnson,,,1,D,1,Rep,HD-072,19920582,177114,,Gregg_Johnson_(Illinois),646495,0
24885,"Jason Bunting",Jason,R.,Bunting,,,2,R,1,Rep,HD-106,59505839,0,,Jason_Bunting,0,0
24930,"Mary Gill",Mary,,Gill,,,1,D,1,Rep,HD-035,0,0,,,0,0
24961,"Yolanda Morris",Yolonda,,Morris,,,1,D,1,Rep,HD-009,48524699,212760,,Yolonda_Morris,0,0
25121,"Brandun Schweizer",Brandun,,Schweizer,,,2,R,1,Rep,HD-104,59505957,213095,,Brandun_Schweizer,0,0
25122,"Tracy Katz Muhl",Tracy,,"Katz Muhl",,,1,D,1,Rep,HD-057,59505889,213074,,Tracy_Katz_Muhl,0,0
25132,"Nicole La Ha",Nicole,,"La Ha",,,2,R,1,Rep,HD-082,0,213089,,Nicole_La_Ha_Zwiercan,0,0
25194,"Patrick Sheehan",Patrick,,Sheehan,,,2,R,1,Rep,HD-037,55357229,0,,Patrick_Sheehan_(Illinois),0,0
25232,"Nicolle Grasse",Nicolle,,Grasse,,,1,D,1,Rep,HD-053,13879631,197272,,Nicolle_Grasse,0,0
25768,"Kyle Moore",Kyle,,Moore,,,2,R,1,Rep,HD-099,59505840,113384,,Kyle_Moore_(Illinois),0,0
26131,"Amy Briel",Amy,,Briel,,Murri,1,D,1,Rep,HD-076,59505941,177093,,Amy_Murri_Briel,0,0
26132,"Michael Crawford",Michael,,Crawford,,,1,D,1,Rep,HD-031,59505795,166391,,Michael_Crawford,0,0
26133,"Lisa Davis",Lisa,,Davis,,,1,D,1,Rep,HD-032,59505796,213068,,Lisa_Davis_(Illinois),0,0
26134,"Regan Deering",Regan,,Deering,,,2,R,1,Rep,HD-088,59505862,204324,,Regan_Deering,0,0
26135,"Martha Deuter",Martha,,Deuter,,,1,D,1,Rep,HD-045,44288427,147379,,Martha_Deuter,0,0
26136,"Rick Ryan",Rick,,Ryan,,,1,D,1,Rep,HD-036,59505856,33833,,Rick_Ryan,0,0
26137,"Li Arellano",Li,,Arellano,Jr.,,2,R,2,Sen,SD-037,59505919,135100,,Li_Arellano_Jr.,0,0
26138,"Chris Balkema",Chris,,Balkema,,,2,R,2,Sen,SD-053,20374450,131351,,Chris_Balkema,0,0
26139,"Graciela Guzman",Graciela,,Guzman,,,1,D,2,Sen,SD-020,59505946,213037,,Graciela_Guzman,0,0
26422,"Darby Hills",Darby,A.,Hills,,,2,R,2,Sen,SD-026,0,0,,,0,0
