people_id,name,first_name,middle_name,last_name,suffix,nickname,party_id,party,role_id,role,district,followthemoney_eid,votesmart_id,opensecrets_id,ballotpedia,knowwho_pid,committee_id
8342,"Henry Aquino",Henry,J.C.,Aquino,,,1,D,2,Sen,SD-019,6461700,32239,,Henry_Aquino,271962,0
8346,"Karl Rhoads",Karl,,Rhoads,,,1,D,2,Sen,SD-013,12999428,68516,,Karl_Rhoads,249223,0
8350,"Angus McKelvey",Angus,L.K.,McKelvey,,,1,D,2,Sen,SD-006,12999399,67875,,Angus_McKelvey,249209,0
8365,"Kyle Yamashita",Kyle,T.,Yamashita,,,1,D,1,Rep,HD-012,12999403,32333,,Kyle_Yamashita,227429,0
8370,"Glenn Wakai",Glenn,,Wakai,,,1,D,2,Sen,SD-015,6401291,32272,,Glenn_Wakai,211949,0
8383,"Chris Lee",Chris,Kalani,Lee,,,1,D,2,Sen,SD-025,6496287,109631,,Chris_Lee_(Hawaii),271963,0
8388,"Gene Ward",Gene,,Ward,,,2,R,1,Rep,HD-018,6671898,2607,,Gene_Ward,249217,0
8389,"Della au Belatti",Della,,"au Belatti",,,1,D,1,Rep,HD-026,6481341,67629,,Della_Au_Belatti,249221,0
8429,"Carol Fukunaga",Carol,,Fukunaga,,,1,D,2,Sen,SD-011,6397007,3396,,Carol_Fukunaga,193903,0
8435,"Les Ihara",Les,S.,Ihara,Jr.,,1,D,2,Sen,SD-010,13011588,3392,,Les_Ihara_Jr.,193901,0
8440,"Michelle Kidani",Michelle,N.,Kidani,,,1,D,2,Sen,SD-018,6496273,109575,,Michelle_Kidani,271958,0
8445,"Mike Gabbard",Mike,,Gabbard,,,1,D,2,Sen,SD-021,6512016,67633,,Mike_Gabbard,410516,0
8447,"Donna Kim",Donna,Mercado,Kim,,,1,D,2,Sen,SD-014,13010143,54119,,Donna_Kim,208751,0
11380,"Donovan Cruz",Donovan,Dela,Cruz,,,1,D,2,Sen,SD-017,6512542,72213,,Donovan_Dela_Cruz,288940,0
11381,"Ronald Kouchi",Ronald,D.,Kouchi,,,1,D,2,Sen,SD-008,13010145,85011,,Ronald_Kouchi,308673,0
11513,"Mark Hashem",Mark,Jun,Hashem,,,1,D,1,Rep,HD-019,12999411,127594,,Mark_Hashem,299202,0
11514,"Linda Ichiyama",Linda,E.,Ichiyama,,,1,D,1,Rep,HD-031,6511905,127612,,Linda_Ichiyama,299204,0
11516,"Daynette Morikawa",Daynette,,Morikawa,,Dee,1,D,1,Rep,HD-017,6511860,127591,,Dee_Morikawa,299509,0
15002,"Nicole Lowen",Nicole,E.,Lowen,,,1,D,1,Rep,HD-007,13689934,140578,,Nicole_Lowen,410523,0
15005,"Gregg Takayama",Gregg,,Takayama,,,1,D,1,Rep,HD-034,13689946,140608,,Gregg_Takayama,410574,0
15164,"Justin Woodson",Justin,H.,Woodson,,,1,D,1,Rep,HD-009,16632975,144297,,Justin_Woodson,449999,0
16119,"Lauren Matsumoto",Lauren,Cheape,Matsumoto,,,2,R,1,Rep,HD-038,13690276,140641,,Lauren_Cheape_Matsumoto,410637,0
17291,"Lorraine Inouye",Lorraine,Rodero,Inouye,,,1,D,2,Sen,SD-001,6401156,17855,,Lorraine_Inouye,193889,0
17296,"Jarrett Keohokalole",Jarrett,K.,Keohokalole,,,1,D,2,Sen,SD-024,24820529,153435,,Jarrett_Keohokalole,495098,0
17297,"Sam Kong",Sam,,Kong,,,1,D,1,Rep,HD-033,12999440,127621,,Sam_Kong,299500,0
17299,"Joy San Buenaventura",Joy,A.,"San Buenaventura",,,1,D,2,Sen,SD-002,10084577,149758,,Joy_A._San_Buenaventura,487052,0
17614,"Lynn Decoite",Lynn,,Decoite,,,1,D,2,Sen,SD-007,10088452,156191,,Lynn_DeCoite,527794,0
19023,"Daniel Holt",Daniel,,Holt,,,1,D,1,Rep,HD-028,13689942,140605,,Daniel_Holt,410562,0
19024,"Sean Quinlan",Sean,,Quinlan,,,1,D,1,Rep,HD-047,40622434,172307,,Sean_Quinlan_(Hawaii),580946,0
19025,"Stanley Chang",Stanley,,Chang,,,1,D,2,Sen,SD-009,24812545,129305,,Stanley_Chang,462155,0
19050,"Chris Todd",Chris,,Todd,,,1,D,1,Rep,HD-003,43477895,176063,,Chris_Todd_(Hawaii),609011,0
19089,"Nadine Nakamura",Nadine,K.,Nakamura,,,1,D,1,Rep,HD-015,10132852,129309,,Nadine_Nakamura,577431,0
20761,"Kurt Fevella",Kurt,,Fevella,,,2,R,2,Sen,SD-020,12999459,109624,,Kurt_Fevella,299196,0
20828,"Troy Hashimoto",Troy,,Hashimoto,,,1,D,2,Sen,SD-005,22025734,180032,,Troy_Hashimoto,662035,0
20847,"Dru Kanuha",Dru,,Kanuha,,,1,D,2,Sen,SD-003,45387926,157781,,Dru_Kanuha,654604,0
20848,"Lisa Kitagawa",Lisa,C.,Kitagawa,,,1,D,1,Rep,HD-048,45387934,183678,,Lisa_Kitagawa,655397,0
20849,"Scot Matayoshi",Scot,Z.,Matayoshi,,,1,D,1,Rep,HD-049,45387950,183682,,Scot_Matayoshi,655398,0
20850,"Sharon Moriwaki",Sharon,Y.,Moriwaki,,,1,D,2,Sen,SD-012,10083991,183622,,Sharon_Moriwaki,495022,0
20851,"Amy Perruso",Amy,A.,Perruso,,,1,D,1,Rep,HD-046,45387965,172203,,Amy_Perruso,570270,0
20852,"David Tarnas",David,,Tarnas,,,1,D,1,Rep,HD-008,6418161,2605,,David_Tarnas,569181,0
22564,"Greggor Ilagan",Greggor,,Ilagan,,,1,D,1,Rep,HD-004,21264862,157776,,Greggor_Ilagan,569176,0
22565,"Jeanne Kapela",Jeanne,,Kapela,,,1,D,1,Rep,HD-005,45387927,183631,,Jeanne_Kapela,655389,0
22566,"Lisa Marten",Lisa,,Marten,,,1,D,1,Rep,HD-051,50056436,193726,,Lisa_Marten,739215,0
22568,"Jackson Sayama",Jackson,,Sayama,,,1,D,1,Rep,HD-021,50056390,193654,,Jackson_Sayama,743878,0
22569,"Adrian Tam",Adrian,,Tam,,,1,D,1,Rep,HD-024,49019836,193650,,Adrian_Tam,626618,0
24396,"Brenton Awa",Brenton,,Awa,,,2,R,2,Sen,SD-023,55691632,0,,Brenton_Awa,0,0
24410,"Cory Chun",Cory,M.,Chun,,,1,D,1,Rep,HD-035,55691532,127631,,Cory_Chun,0,0
24411,"Elle Cochran",Elle,,Cochran,,,1,D,1,Rep,HD-014,55691488,129311,,Elle_Cochran,0,0
24412,"Diamond Garcia",Diamond,,Garcia,,,2,R,1,Rep,HD-042,55691557,183625,,Diamond_Garcia,0,0
24414,"Kirstin Kahaloa",Kirstin,Ak,Kahaloa,,,1,D,1,Rep,HD-006,55691592,208416,,Kirstin_Kahaloa,0,0
24415,"Rachele Fernandez Lamosao",Rachele,,"Fernandez Lamosao",,,1,D,1,Rep,HD-036,55691536,208480,,Rachele_Fernandez_Lamosao,774124,0
24416,"Mahina Poepoe",Mahina,M.,Poepoe,,,1,D,1,Rep,HD-013,55691485,208450,,Mahina_Poepoe,0,0
24417,"Jenna Takenouchi",Jenna,,Takenouchi,,,1,D,1,Rep,HD-027,55691517,208470,,Jenna_Takenouchi,0,0
24418,"Brandon Elefante",Brandon,Jc,Elefante,,,1,D,2,Sen,SD-016,55691619,157761,,Brandon_Elefante,0,0
24511,"Andrew Garrett",Andrew,Takuya,Garrett,,,1,D,1,Rep,HD-022,55691502,183654,,Matthew_Slater,655392,0
24512,"Darius Kila",Darius,K.,Kila,,,1,D,1,Rep,HD-044,55691568,208501,,Darius_Kila,814241,0
24518,"Terez Amato",Terez,,Amato,,Tamato,1,D,1,Rep,HD-011,55691478,153329,,Terez_Amato,501154,0
24519,"Tim Richards",Herbert,,Richards,III,Tim,1,D,2,Sen,SD-004,55691640,187901,,Tim_Richards,812881,0
24618,"David Alcos",David,A.,Alcos,III,,2,R,1,Rep,HD-041,55691554,193674,,David_Alcos,0,0
24619,"Kanani Souza",Kanani,,Souza,,,2,R,1,Rep,HD-043,55691564,193736,,Kanani_Souza,0,0
24788,"Elijah Pierick",Elijah,,Pierick,,,2,R,1,Rep,HD-039,55691543,208486,,Elijah_Pierick,814086,0
24907,"Trish La Chica",Trish,,"La Chica",,,1,D,1,Rep,HD-037,48838035,183668,,Trish_La_Chica,0,0
24910,"Luke Evslin",Luke,A.,Evslin,,,1,D,1,Rep,HD-016,0,187911,,Luke_Evslin,0,0
25051,"Tyson Miyake",Tyson,,Miyake,,,1,D,1,Rep,HD-010,0,0,,Tyson_Miyake,0,0
25668,"Tina Grandinetti",Tina,Nakada,Grandinetti,,,1,D,1,Rep,HD-020,59988381,218389,,Tina_Nakada_Grandinetti,0,0
25669,"Ikaika Hussey",Ikaika,Ml,Hussey,,,1,D,1,Rep,HD-029,59988399,54080,,Ikaika_Hussey,0,0
25670,"Kim Iwamoto",Kim,Coco,Iwamoto,,,1,D,1,Rep,HD-025,10104787,172078,,Kim_Coco_Iwamoto,0,0
25671,"Susan Keohokapu-Lee Loy",Susan,L.,"Keohokapu-Lee Loy",,,1,D,1,Rep,HD-002,59988343,187897,,Susan_Lee_Loy,0,0
25672,"Matthias Kusch",Matthias,M.,Kusch,,,1,D,1,Rep,HD-001,6496312,219962,,Matthias_Kusch,0,0
25673,"Mike Lee",Michael,,Lee,,Mike,1,D,1,Rep,HD-050,55691586,208512,,Michael_Lee_(Hawaii),0,0
25674,"Chris Muraoka",Christopher,L.,Muraoka,,Chris,2,R,1,Rep,HD-045,59988442,218421,,Chris_Muraoka,0,0
25675,"Ikaika Olds",Ikaika,M.,Olds,,,1,D,1,Rep,HD-023,55691508,208461,,Ikaika_Olds,0,0
25676,"Julie Reyes Oda",Julie,K.,"Reyes Oda",,,2,R,1,Rep,HD-040,55691551,208491,,Julie_Reyes_Oda,0,0
25677,"Garner Shimizu",Garner,Musashi,Shimizu,,,2,R,1,Rep,HD-032,55691528,127615,,Garner_Musashi_Shimizu,0,0
25678,"Shirley Ann Templo","Shirley Ann",L.,Templo,,,1,D,1,Rep,HD-030,55691525,208473,,Shirley_Ann_Templo,0,0
25679,"Samantha DeCorte",Samantha,,DeCorte,,,2,R,2,Sen,SD-022,55691630,208438,,Samantha_DeCorte,0,0
