people_id,name,first_name,middle_name,last_name,suffix,nickname,party_id,party,role_id,role,district,followthemoney_eid,votesmart_id,opensecrets_id,ballotpedia,knowwho_pid,committee_id
3329,"Larry Liston",Larry,G.,Liston,,,2,R,1,Rep,SD-010,5988117,30002,,Larry_Liston,227780,0
15133,"Thomas Exum",Thomas,E.,Exum,Sr.,Tony,1,D,1,Rep,SD-011,11022900,138722,,Thomas_Exum_Sr.,408896,0
16509,"Paul Lundeen",Paul,Harold,Lundeen,,,2,R,2,Sen,SD-009,6516823,125570,,Paul_Lundeen,331375,0
16581,"Faith Winter",Faith,,Winter,,,1,D,2,Sen,SD-025,14227540,105656,,Faith_Winter,486097,0
16583,"Jessie Danielson",Jessie,,Danielson,,,1,D,2,Sen,SD-022,15729658,149351,,Jessie_Danielson,485978,0
18713,"Dafna Michaelson Jenet",Dafna,,"Michaelson Jenet",,,1,D,2,Sen,SD-021,39568600,169990,,Dafna_Michaelson_Jenet,568280,0
18723,"Michael Weissman",Michael,,Weissman,,Mike,1,D,2,Sen,SD-028,40461589,169997,,Mike_Williams_(Colorado),568268,0
18939,"James Coleman",James,Rashad,Coleman,,,1,D,2,Sen,SD-033,40461420,169972,,James_Coleman_(Colorado),575555,0
19048,"Jeff Bridges",Jeff,,Bridges,,,1,D,2,Sen,SD-026,39563960,169966,,Jeff_Bridges,568119,0
19200,"Marc Catlin",Marc,,Catlin,,,2,R,2,Sen,SD-005,43396100,176449,,Marc_Allan_Feldman,609004,0
19512,"Dylan Roberts",Dylan,,Roberts,,,1,D,1,Rep,SD-008,44229951,179465,,Dylan_Roberts,644618,0
20024,"Emily Sirota",Emily,,Sirota,,,1,D,1,Rep,HD-009,13500849,181733,,Emily_Sirota,654773,0
20025,"Julie McCluskie",Julie,Lynn,McCluskie,,,1,D,1,Rep,HD-013,6300002,181795,,Julie_McCluskie,651665,0
20026,"Rod Pelton",Rodney,,Pelton,,Rod,2,R,2,Sen,SD-035,44885051,148937,,Rod_Pelton,659310,0
20027,"Sonya Jaquez Lewis",Sonya,,"Jaquez Lewis",,,1,D,2,Sen,SD-017,5995666,181737,,Sonya_Jaquez_Lewis,659284,0
20029,"Julie Gonzales",Julie,,Gonzales,,,1,D,2,Sen,SD-034,14229962,181717,,Julie_Gonzales,651420,0
20031,"Robert Rodriguez",Robert,,Rodriguez,,,1,D,2,Sen,SD-032,5986862,181713,,Robert_Rodriguez_(Colorado),651459,0
20032,"Tammy Story",Tammy,,Story,,,1,D,1,Rep,HD-025,40461570,169987,,Tammy_Story,575563,0
20126,"Mark Baisley",Mark,,Baisley,,,2,R,1,Rep,SD-004,6451091,66344,,Mark_Baisley,651496,0
20127,"Shannon Bird",Shannon,,Bird,,,1,D,1,Rep,HD-029,44884921,173290,,Shannon_Bird,651501,0
20131,"Lisa Cutter",Lisa,Ann,Cutter,,,1,D,2,Sen,SD-020,44884950,181764,,Lisa_Cutter,651515,0
20136,"Kyle Mullica",Kyle,,Mullica,,,1,D,1,Rep,SD-024,44154746,148897,,Kyle_Mullica,651668,0
20137,"Janice Rich",Janice,,Rich,,,2,R,2,Sen,SD-007,44885061,181791,,Janice_Rich,651681,0
20138,"Marc Snyder",Marc,Alan,Snyder,,,1,D,2,Sen,SD-012,14219138,181752,,Marc_Snyder,651713,0
20139,"Matt Soper",Matt,,Soper,,,2,R,1,Rep,HD-054,44885096,181789,,Matt_Soper,651715,0
20140,"Tom Sullivan",Tom,,Sullivan,,,1,D,2,Sen,SD-027,20653952,169958,,Tom_Sullivan_(Colorado),575551,0
20142,"Brianna Titone",Brianna,,Titone,,,1,D,1,Rep,HD-027,44885109,181766,,Brianna_Titone,651723,0
20143,"Alex Valdez",Alex,,Valdez,,,1,D,1,Rep,HD-005,43804803,181727,,Alex_Valdez,623291,0
20148,"Monica Duran",Monica,I.,Duran,,,1,D,1,Rep,HD-023,13670127,173284,,Monica_Duran,651518,0
20159,"Cathy Kipp",Cathy,,Kipp,,,1,D,2,Sen,SD-014,14216523,21982,,Cathy_Kipp,693200,0
20739,"Meg Froelich",Meghan,Mulder,Froelich,,Meg,1,D,1,Rep,HD-003,6847047,169965,,Meg_Froelich,568123,0
21549,"Steven Woodrow",Steven,,Woodrow,,,1,D,1,Rep,HD-002,17793842,189634,,Steven_Woodrow,731898,0
22219,"Judith Amabile",Judith,,Amabile,,Judy,1,D,2,Sen,SD-018,42489109,191835,,Judith_Amabile,736479,0
22220,"Jennifer Bacon",Jennifer,,Bacon,,,1,D,1,Rep,HD-007,49449719,191820,,Jennifer_Bacon,736469,0
22222,"Mary Bradfield",Mary,,Bradfield,,,2,R,1,Rep,HD-021,14228628,191847,,Mary_Bradfield,736504,0
22223,"Lindsey Daugherty",Lindsey,N.,Daugherty,,,1,D,2,Sen,SD-019,49449765,191838,,Lindsey_Daugherty,736524,0
22225,"Iman Jodeh",Iman,,Jodeh,,,1,D,2,Sen,SD-029,49449799,191807,,Iman_Jodeh,736587,0
22226,"Stephanie Luck",Stephanie,,Luck,,,2,R,1,Rep,HD-060,44885022,181704,,Stephanie_Luck,651436,0
22228,"Karen McCormick",Karen,,McCormick,,,1,D,1,Rep,HD-011,49449726,180213,,Karen_McCormick,627410,0
22231,"Naquetta Ricks",Naquetta,,Ricks,,,1,D,1,Rep,HD-040,19528678,191811,,Naquetta_Ricks,568256,0
22233,"Dan Woog",Dan,,Woog,,,2,R,1,Rep,HD-019,49449846,191765,,Dan_Woog,736616,0
22456,"Barbara Kirkmeyer",Barbara,,Kirkmeyer,,,2,R,2,Sen,SD-023,6346044,29991,,Barbara_Kirkmeyer,492468,0
22457,"Cleave Simpson",Cleave,Alan,Simpson,Jr.,,2,R,2,Sen,SD-006,49449893,191801,,Cleave_Simpson_Jr.,736441,0
22458,"Chris Kolker",Chris,,Kolker,,,1,D,2,Sen,SD-016,44885010,181774,,Chris_Kolker,651660,0
22921,"Andrew Boesenecker",Andrew,,Boesenecker,,Andy,1,D,1,Rep,HD-053,54258793,196267,,Andrew_Boesenecker,775143,0
23046,"Mandy Lindsay",Mandy,,Lindsay,,,1,D,1,Rep,HD-042,0,201403,,Mandy_Lindsay,795069,0
23104,"Nick Hinrichsen",Nick,,Hinrichsen,,,1,D,2,Sen,SD-003,55587385,202704,,Nick_Hinrichsen,799240,0
23948,"Anthony Hartsook",Anthony,,Hartsook,,,2,R,1,Rep,HD-044,55587516,204894,,Anthony_Hartsook,0,0
23949,"Bob Marshall",Robert,,Marshall,,Bob,1,D,1,Rep,HD-043,55587511,0,,Robert_Marshall_(Colorado),0,0
23950,"Brandi Bradley",Brandi,,Bradley,,,2,R,1,Rep,HD-039,55587503,206196,,Brandi_Bradley,0,0
23952,"Elizabeth Velasco",Elizabeth,,Velasco,,,1,D,1,Rep,HD-057,55587547,206233,,Elizabeth_Velasco,0,0
23954,"Javier Mabrey",Javier,,Mabrey,,,1,D,1,Rep,HD-001,55587419,206129,,Javier_Mabrey,0,0
23955,"Jenny Willford",Jenny,,Willford,,,1,D,1,Rep,HD-034,55587491,199555,,Jenny_Willford,0,0
23956,"Junie Joseph",Junie,,Joseph,,,1,D,1,Rep,HD-010,56898908,199072,,Junie_Joseph,0,0
23957,"Ken Degraaf",Kenneth,G.,Degraaf,,Ken,2,R,1,Rep,HD-022,55587466,206169,,Kenneth_DeGraaf,0,0
23958,"Lisa Frizell",Lisa,,Frizell,,,2,R,2,Sen,SD-002,55587519,206207,,Lisa_Frizell,0,0
23959,"Matthew Martinez",Matthew,,Martinez,,,1,D,1,Rep,HD-062,55587557,191769,,Matthew_Martinez,0,0
23960,"Meghan Lukens",Meghan,,Lukens,,,1,D,1,Rep,HD-026,55587474,206173,,Meghan_Lukens,0,0
23961,"Regina English",Regina,,English,,,1,D,1,Rep,HD-017,55587453,206155,,Regina_English,0,0
23962,"Rick Taggart",Rick,,Taggart,,,2,R,1,Rep,HD-055,55587543,157546,,Rick_Taggart,0,0
23963,"Ron Weinberg",Ron,,Weinberg,,,2,R,1,Rep,HD-051,0,0,,,0,0
23964,"Rose Pugliese",Rose,,Pugliese,,,2,R,1,Rep,HD-014,55587446,148997,,Rose_Pugliese,0,0
23965,"Ryan Armagost",Ryan,,Armagost,,,2,R,1,Rep,HD-064,55587563,206242,,Ryan_Armagost,0,0
23967,"Sheila Lieder",Sheila,,Lieder,,,1,D,1,Rep,HD-028,56898917,210740,,Sheila_Lieder,0,0
23968,"Ty Winter",Ty,,Winter,,,2,R,1,Rep,HD-047,55587524,206214,,Ty_Winter,0,0
23969,"William Lindstedt",William,,Lindstedt,,,1,D,1,Rep,HD-033,55587489,199491,,William_Lindstedt,0,0
23970,"Janice Marchman",Janice,,Marchman,,,1,D,2,Sen,SD-015,55587399,206115,,Janice_Marchman,0,0
23972,"Byron Pelton",Byron,,Pelton,,,2,R,2,Sen,SD-001,55587384,206103,,Byron_Pelton,0,0
23996,"Scott Bottoms",Scott,T.,Bottoms,,,2,R,1,Rep,HD-015,55587449,206151,,Scott_Bottoms,0,0
24384,"Eliza Hamrick",Eliza,,Hamrick,,,1,D,1,Rep,HD-061,55587555,206235,,Eliza_Hamrick,0,0
24385,"Lorena Garcia",Lorena,,Garcia,,,1,D,1,Rep,HD-035,48161197,211290,,Lorena_Garcia,0,0
24616,"Tisha Mauro",Tisha,Lyn,Mauro,,,1,D,1,Rep,HD-046,55587520,206211,,Tisha_Mauro,0,0
24873,"Kyle Brown",Kyle,,Brown,,,1,D,1,Rep,HD-012,0,0,,,0,0
24966,"Manny Rutinel",Manny,,Rutinel,,,1,D,1,Rep,HD-032,0,212843,,Manny_Rutinel,0,0
25044,"Chad Clifford",Chad,,Clifford,,,1,D,1,Rep,HD-037,0,0,,,0,0
26051,"Carlos Barron",Carlos,,Barron,,,2,R,1,Rep,HD-048,59901382,217172,,Carlos_Barron,0,0
26052,"Max Brooks",Max,,Brooks,,,2,R,1,Rep,HD-045,59831106,217168,,Max_Brooks,0,0
26053,"Jarvis Caldwell",Jarvis,,Caldwell,,,2,R,1,Rep,HD-020,59831123,217144,,Jarvis_Caldwell,0,0
26054,"Sean Camacho",Sean,,Camacho,,,1,D,1,Rep,HD-006,59831122,206136,,Sean_Camacho,0,0
26055,"Michael Carter",Michael,E.,Carter,,,1,D,1,Rep,HD-036,3911001,217160,,Michael_Carter_(Colorado),0,0
26056,"Cecelia Espenoza",Cecelia,,Espenoza,,,1,D,1,Rep,HD-004,59831113,217129,,Cecelia_Espenoza,0,0
26057,"Lisa Feret",Lisa,,Feret,,,1,D,1,Rep,HD-024,59901342,217148,,Lisa_Feret,0,0
26058,"Lindsay Gilchrist",Lindsay,,Gilchrist,,,1,D,1,Rep,HD-008,59831121,217132,,Lindsay_Gilchrist,0,0
26059,"Ryan Gonzalez",Ryan,,Gonzalez,,,2,R,1,Rep,HD-050,55587532,206221,,Ryan_Gonzalez,0,0
26060,"Dusty Johnson",Dusty,,Johnson,,,2,R,1,Rep,HD-063,59901314,217185,,Dusty_Johnson_(Colorado),0,0
26061,"Rebecca Keltie",Rebecca,,Keltie,,,2,R,1,Rep,HD-016,59901340,195381,,Rebecca_Keltie,0,0
26062,"Amy Paschal",Amy,,Paschal,,,1,D,1,Rep,HD-018,59901399,217141,,Amy_Paschal,0,0
26063,"Jacque Phillips",Jacqueline,,Phillips,,Jacque,1,D,1,Rep,HD-031,59901352,173291,,Jacque_Phillips,0,0
26064,"Chris Richardson",Chris,,Richardson,,,2,R,1,Rep,HD-056,59901391,217179,,Chris_Richardson_(Colorado),0,0
26065,"Gretchen Rydin",Gretchen,,Rydin,,,1,D,1,Rep,HD-038,59901412,217161,,Gretchen_Rydin,0,0
26066,"Lori Garcia Sander",Lori,,"Garcia Sander",,,2,R,1,Rep,HD-065,59901287,217188,,Lori_Sander,0,0
26067,"Lesley Smith",Lesley,,Smith,,,1,D,1,Rep,HD-049,59901328,217173,,Lesley_Smith_(Colorado),0,0
26068,"Rebekah Stewart",Rebekah,,Stewart,,,1,D,1,Rep,HD-030,59831115,211176,,Rebekah_Stewart,0,0
26069,"Katie Stewart",Katie,,Stewart,,,1,D,1,Rep,HD-059,59901400,217181,,Katie_Stewart_(Colorado),0,0
26070,"Larry Suckla",Larry,Don,Suckla,,,2,R,1,Rep,HD-058,59901298,149010,,Larry_Suckla,0,0
26071,"Yara Zokaie",Yara,,Zokaie,,,1,D,1,Rep,HD-052,55730837,191790,,Yara_Zokaie,0,0
26072,"Scott Bright",Scott,,Bright,,,2,R,2,Sen,SD-013,45410435,217067,,Scott_Bright_(Colorado),0,0
26326,"Matt Ball",Matt,,Ball,,,1,D,2,Sen,SD-031,0,138590,,,0,0
26327,"John Carson",John,,Carson,,,2,R,2,Sen,SD-030,14215181,0,,John_Carson_(Colorado),0,0
26391,"Jamie Jackson",Jamie,,Jackson,,,1,D,1,Rep,HD-041,0,220731,,,0,0
26447,"Katie Wallace",Katie,,Wallace,,,1,D,2,Sen,SD-017,0,0,,,0,0
