people_id,name,first_name,middle_name,last_name,suffix,nickname,party_id,party,role_id,role,district,followthemoney_eid,votesmart_id,opensecrets_id,ballotpedia,knowwho_pid,committee_id
3357,"Laura Hall",Laura,,Hall,,,1,D,1,Rep,HD-019,6372809,5652,,Laura_Hall,192644,0
3358,"Artis McCampbell",Artis,,McCampbell,,"A J",1,D,1,Rep,HD-071,12407504,60444,,Artis_J._McCampbell,250647,0
3360,"Barbara Boyd",Barbara,Bigsby,Boyd,,,1,D,1,Rep,HD-032,12997372,5627,,Barbara_Boyd_(Alabama),192657,0
3370,"Pebblin Warren",Pebblin,W.,Warren,,,1,D,1,Rep,HD-082,12997481,27675,,Pebblin_Warren,237381,0
3374,"Christopher England",Christopher,John,England,,,1,D,1,Rep,HD-070,6483126,69176,,Christopher_J._England,250645,0
3382,"Thomas Jackson",Thomas,E.,Jackson,,Action,1,D,1,Rep,HD-068,6373145,5666,,Thomas_%22Action%22_Jackson,192693,0
3386,"William Beasley",William,M.,Beasley,,Billy,1,D,2,Sen,SD-028,6370781,15872,,Billy_Beasley,192709,0
3387,"Stephen Hurst",Stephen,W.,Hurst,,Steven,2,R,1,Rep,HD-035,6373114,15975,,Steve_Hurst,192660,0
3389,"Mary Moore",Mary,,Moore,,,1,D,1,Rep,HD-059,6381355,27576,,Mary_Moore,213976,0
3391,"Merika Coleman-Evans",Merika,,Coleman-Evans,,,1,D,2,Sen,SD-019,12997426,27693,,Merika_Coleman,212068,0
3420,"Gerald Allen",Gerald,H.,Allen,,,2,R,2,Sen,SD-021,6568032,5621,,Gerald_Allen,192687,0
3426,"Alan Baker",Alan,,Baker,,,2,R,1,Rep,HD-066,12997448,60439,,Alan_Baker,250643,0
3430,"Randy Wood",Randy,,Wood,,,2,R,1,Rep,HD-036,6578072,27617,,Randy_Wood,212078,0
3432,"Steve Clouse",Steve,,Clouse,,,2,R,1,Rep,HD-093,6568687,5635,,Steve_Clouse,192718,0
3445,"Allen Treadaway",Allen,,Treadaway,,,2,R,1,Rep,HD-051,6668578,60429,,Allen_Treadaway,250631,0
3461,"J.T. Waggoner","J. T.",,Waggoner,,Jabo,2,R,2,Sen,SD-016,6572397,5619,,J.T._Waggoner,192606,0
3465,"Rodger Smitherman",Rodger,M.,Smitherman,,,1,D,2,Sen,SD-018,6375492,5617,,Rodger_Smitherman,192608,0
3479,"Linda Coleman-Madison",Linda,,Coleman-Madison,,,1,D,2,Sen,SD-020,6381363,27684,,Linda_Coleman-Madison,212065,0
3481,"Arthur Orr",Arthur,,Orr,,,2,R,2,Sen,SD-003,13010998,57118,,Arthur_Orr,250598,0
3482,"Bobby Singleton",Bobby,D.,Singleton,,,1,D,2,Sen,SD-024,6387515,27551,,Bobby_Singleton,212064,0
3486,"Tom Butler",Tom,,Butler,,,2,R,2,Sen,SD-002,6371353,5594,,Tom_Butler,192592,0
3490,"Vivian Figures",Vivian,Davis,Figures,,,1,D,2,Sen,SD-033,7335497,15216,,Vivian_Figures,192623,0
12486,"Terri Collins",Terri,,Collins,,,2,R,1,Rep,HD-008,6688205,121502,,Terri_Collins,290688,0
12490,"Paul Lee",Paul,W.,Lee,,,2,R,1,Rep,HD-086,6697040,71487,,Paul_Lee,311470,0
12500,"April Weaver",April,C.,Weaver,,,2,R,2,Sen,SD-014,12997408,121534,,April_Weaver,290731,0
12509,"Donnie Chesteen",Donnie,,Chesteen,,,2,R,2,Sen,SD-029,12997494,121549,,Donnie_Chesteen,289303,0
12542,"Napoleon Bracy",Napoleon,,Bracy,Jr.,,1,D,1,Rep,HD-098,12997520,121495,,Napoleon_Bracy_Jr.,290775,0
12543,"Berry Forte",Berry,,Forte,,,1,D,1,Rep,HD-084,6505248,81792,,Berry_Forte,290756,0
12550,"Juandalynn Givan",Juandalynn,,Givan,,"Lee Lee",1,D,1,Rep,HD-060,6505164,121471,,Juandalynn_Givan,289297,0
13150,"David Sessions",David,,Sessions,,,2,R,2,Sen,SD-035,12997537,129898,,David_Sessions,341032,0
13766,"Jim Carns",Jim,,Carns,,,2,R,1,Rep,HD-048,6568575,5630,,Jim_Carns,192671,0
15745,"David Standridge",David,,Standridge,,,2,R,1,Rep,HD-034,15881725,82406,,David_Standridge,446076,0
15746,"Mack Butler",Mack,N.,Butler,,,2,R,1,Rep,HD-028,6982636,143699,,Mack_Butler,446144,0
16021,"Randall Shedd",Randall,,Shedd,,,2,R,1,Rep,HD-011,7246011,144639,,Randall_Shedd,456844,0
16140,"Adline Clarke",Adline,Cecline,Clarke,,,1,D,1,Rep,HD-097,16753387,144285,,Adline_C._Clarke,460835,0
16212,"Margie Wilcox",Margie,,Wilcox,,,2,R,1,Rep,HD-104,18912714,145310,,Margie_Wilcox,486017,0
16871,"Greg Albritton",Greg,,Albritton,,,2,R,2,Sen,SD-022,6568015,15990,,Greg_Albritton,212082,0
16872,"Clyde Chambliss",Clyde,,Chambliss,Jr.,,2,R,2,Sen,SD-030,21273424,79831,,Clyde_Chambliss_Jr.,488974,0
16873,"Steve Livingston",Steve,,Livingston,,,2,R,2,Sen,SD-008,7000368,149964,,Steve_Livingston,488992,0
16874,"Shay Shelnutt",Shay,,Shelnutt,,,2,R,2,Sen,SD-017,21273391,149989,,Shay_Shelnutt,498987,0
16875,"Tim Melson",Tim,,Melson,,,2,R,2,Sen,SD-001,21273345,149972,,Tim_Melson,488942,0
16876,"Larry Stutts",Larry,,Stutts,,,2,R,2,Sen,SD-006,7047990,152242,,Larry_Stutts,509299,0
17025,"Corey Harbison",Corey,,Harbison,,,2,R,1,Rep,HD-012,21319088,149949,,Corey_Harbison,488848,0
17026,"Phillip Pettus",Phillip,,Pettus,,,2,R,1,Rep,HD-001,21273436,149977,,Phillip_Pettus,498969,0
17027,"Ritchie Whorton",Ritchie,,Whorton,,,2,R,1,Rep,HD-022,21338972,150005,,Ritchie_Whorton,488870,0
17589,"David Faulkner",David,,Faulkner,,,2,R,1,Rep,HD-046,14088776,149930,,David_Faulkner,488907,0
17591,"Danny Garrett",Danny,,Garrett,,,2,R,1,Rep,HD-044,21466360,149938,,Danny_Garrett,488902,0
17593,"Jim Hill",Jim,,Hill,,,2,R,1,Rep,HD-050,21529729,149953,,Jim_Hill,488910,0
17594,"Reed Ingram",Reed,,Ingram,,,2,R,1,Rep,HD-075,21537002,81538,,Reed_Ingram,488928,0
17595,"Nathaniel Ledbetter",Nathaniel,,Ledbetter,,,2,R,1,Rep,HD-024,12997354,121452,,Nathaniel_Ledbetter,290701,0
17596,"Chris Sells",Chris,,Sells,,,2,R,1,Rep,HD-090,7242261,149986,,Chris_Sells,498983,0
17598,"Jack Williams",Jack,W.,Williams,,,2,R,2,Sen,SD-034,21778135,27636,,Jack_Williams_(Alabama_State_Senate),650383,0
17603,"Chris Pringle",Chris,,Pringle,,,2,R,1,Rep,HD-101,12997523,5701,,Chris_Pringle,192726,0
17622,"Bob Fincher",Bob,,Fincher,,,2,R,1,Rep,HD-037,12997381,121529,,Bob_Fincher,290718,0
17624,"Barbara Drummond",Barbara,,Drummond,,,1,D,1,Rep,HD-103,21857726,149928,,Barbara_Drummond,488836,0
17625,"Kelvin Lawrence",Kelvin,J.,Lawrence,,,1,D,1,Rep,HD-069,21777109,149963,,Kelvin_Lawrence,488922,0
17632,"Timothy Wadsworth",Timothy,R.,Wadsworth,,,2,R,1,Rep,HD-014,7040628,150001,,Tim_Wadsworth,488854,0
17634,"Arnold Mooney",Arnold,,Mooney,,,2,R,1,Rep,HD-043,21455718,149974,,Arnold_Mooney,488900,0
17642,"Anthony Daniels",Anthony,,Daniels,,,1,D,1,Rep,HD-053,21777041,149925,,Anthony_Daniels,488912,0
17874,"Chris Blackshear",Chris,,Blackshear,,,2,R,1,Rep,HD-080,39653904,143782,,Chris_Blackshear,569061,0
17899,"Danny Crawford",Danny,,Crawford,,,2,R,1,Rep,HD-005,7204622,165903,,Danny_Crawford,570034,0
19256,"Corley Ellis",Corley,,Ellis,,,2,R,1,Rep,HD-041,7156872,82053,,Corley_Ellis,601235,0
19257,"Joe Lovvorn",Joe,,Lovvorn,,,2,R,1,Rep,HD-079,42046236,175673,,Joe_Lovvorn,598407,0
19353,"Rolanda Hollis",Rolanda,,Hollis,,,1,D,1,Rep,HD-058,42823981,176056,,Rolanda_Hollis,620724,0
19368,"Prince Chestnut",Prince,,Chestnut,,,1,D,1,Rep,HD-067,36890157,176029,,Prince_Chestnut,624418,0
19618,"Rex Reynolds",Rex,,Reynolds,,,2,R,1,Rep,HD-021,23421705,176897,,Rex_Reynolds,650588,0
20421,"Wes Kitchens",Wes,,Kitchens,,,2,R,2,Sen,SD-009,44428837,180577,,Wes_Kitchens,650554,0
21169,"Chris Elliott",Chris,,Elliott,,,2,R,2,Sen,SD-032,44858840,156759,,Chris_Elliott_(Alabama),650373,0
21248,"Craig Lipscomb",Craig,,Lipscomb,,,2,R,1,Rep,HD-030,44858608,180581,,B._Craig_Lipscomb,650492,0
21249,"Scott Stadthagen",Scott,,Stadthagen,,,2,R,1,Rep,HD-009,44858565,180566,,Scott_Stadthagen,650482,0
21250,"Shane Stringer",Shane,,Stringer,,,2,R,1,Rep,HD-102,44858770,180615,,Shane_Stringer,650556,0
21254,"Randy Price",Randy,,Price,,,2,R,2,Sen,SD-013,6998427,149979,,Randy_Price,488892,0
21283,"Andrew Jones",Andrew,,Jones,,,2,R,2,Sen,SD-010,44858801,180625,,Andrew_Jones_(Alabama),650352,0
21284,"Dan Roberts",Dan,,Roberts,,,2,R,2,Sen,SD-015,44858813,180628,,Dan_Roberts_(Alabama),667598,0
21287,"Chip Brown",Chip,,Brown,,,2,R,1,Rep,HD-105,13010673,15971,,Chip_Brown,650597,0
21288,"Tracy Estes",Tracy,,Estes,,,2,R,1,Rep,HD-017,44858580,180571,,Tracy_Estes,650594,0
21289,"Matt Simpson",Matt,,Simpson,,,2,R,1,Rep,HD-096,44858752,180610,,Matt_Simpson,650563,0
21297,"Brett Easterbrook",Brett,,Easterbrook,,,2,R,1,Rep,HD-065,44858682,180594,,Brett_Easterbrook,655285,0
21298,"Jeremy Gray",Jeremy,,Gray,,"Mr Eyg",1,D,1,Rep,HD-083,44858721,180545,,Jeremy_Gray,655292,0
21299,"Kirk Hatcher",Kirk,,Hatcher,,,1,D,2,Sen,SD-026,44858707,180541,,Kirk_Hatcher,650596,0
21301,"Sam Jones",Sam,,Jones,,,1,D,1,Rep,HD-099,44858759,180554,,Sam_Jones_(Alabama),655307,0
21302,"Jamie Kiel",Jamie,,Kiel,,,2,R,1,Rep,HD-018,44858584,180574,,Jamie_Kiel,650488,0
21303,"Rhett Marques",Rhett,,Marques,,,2,R,1,Rep,HD-091,44858743,180607,,Rhett_Marques,655296,0
21304,"Parker Moore",Parker,Duncan,Moore,,,2,R,1,Rep,HD-004,44076447,176839,,Parker_Moore,650586,0
21305,"TaShina Morris",TaShina,,Morris,,,1,D,1,Rep,HD-077,44858704,180538,,TaShina_Morris,655288,0
21306,"Ed Oliver",Ed,,Oliver,,,2,R,1,Rep,HD-081,44858717,180598,,Ed_Oliver,667672,0
21308,"Ginny Shaver",Ginny,,Shaver,,,2,R,1,Rep,HD-039,27761453,180589,,Ginny_Shaver,650562,0
21309,"Jeff Sorrells",Jeff,,Sorrells,,,2,R,1,Rep,HD-087,44858733,180601,,Jeff_Sorrells,650590,0
21311,"Andy Whitt",Andy,,Whitt,,,2,R,1,Rep,HD-006,7079361,180562,,Andy_Whitt,650584,0
21312,"Debbie Wood",Debbie,Hamby,Wood,,,2,R,1,Rep,HD-038,44858630,80030,,Debbie_Hamby_Wood,655277,0
21313,"Will Barfoot",Will,,Barfoot,,,2,R,2,Sen,SD-025,6668454,56865,,Will_Barfoot,650378,0
21315,"Sam Givhan",Sam,,Givhan,,,2,R,2,Sen,SD-007,44431925,180622,,Sam_Givhan,650368,0
21316,"Garlan Gudger",Garlan,,Gudger,,,2,R,2,Sen,SD-004,44858786,180619,,Garlan_Gudger,667585,0
21318,"Neil Rafferty",Neil,,Rafferty,,,1,D,1,Rep,HD-054,44858661,180386,,Neil_Rafferty,667635,0
21548,"Van Smith",Ivan,,Smith,,Van,2,R,1,Rep,HD-042,47746567,156754,,Van_Smith,722919,0
22671,"Russell Bedsole",Russell,,Bedsole,,,2,R,1,Rep,HD-049,50061909,143765,,Russell_Bedsole,757464,0
22761,"Ben Robbins",Ben,,Robbins,,,2,R,1,Rep,HD-033,44858620,180585,,Ben_Robbins,650559,0
22952,"Kenyatte Hassell",Kenyatte,,Hassell,,,1,D,1,Rep,HD-078,53388447,195902,,Kenyatté_Hassell,786311,0
22953,"Kenneth Paschal",Kenneth,,Paschal,,,2,R,1,Rep,HD-073,52870334,195795,,Kenneth_Paschal,781439,0
22964,"Cynthia Almond",Cynthia,,Almond,,,2,R,1,Rep,HD-063,54395968,71615,,Cynthia_Almond,789754,0
23107,"Patrice McClammy",Patrice,,McClammy,,Penni,1,D,1,Rep,HD-076,48621725,188318,,Patrice_McClammy,791614,0
24594,"Lance Bell",Lance,,Bell,,,2,R,2,Sen,SD-011,16169929,201801,,Lance_Bell,0,0
24595,"Ron Bolton",Ronald,,Bolton,,Ron,2,R,1,Rep,HD-061,55420648,201861,,Ron_Bolton_(Alabama),0,0
24596,"Brock Colvin",William,,Colvin,,Brock,2,R,1,Rep,HD-026,55420670,201848,,Brock_Colvin,0,0
24597,"Phillip Ensler",Phillip,,Ensler,,,1,D,1,Rep,HD-074,55420683,201889,,Phillip_Ensler,0,0
24598,"Mark Gidley",Mark,,Gidley,,,2,R,1,Rep,HD-029,55420699,201851,,Mark_Gidley,0,0
24599,"Ben Harrison",Benjamin,,Harrison,,Ben,2,R,1,Rep,HD-002,55420709,143744,,Ben_Harrison_(Alabama),0,0
24600,"Jay Hovey",James,,Hovey,,Jay,2,R,2,Sen,SD-027,55420740,196707,,Jay_Hovey,0,0
24601,"Leigh Hulsey",Leigh,,Hulsey,,,2,R,1,Rep,HD-015,52870333,195794,,Leigh_Hulsey,0,0
24602,"Mike Kirkland",Mike,,Kirkland,,,2,R,1,Rep,HD-023,55420737,201842,,Mike_Kirkland,0,0
24603,"Bill Lamb",Bill,,Lamb,,,2,R,1,Rep,HD-062,7173312,201859,,Bill_Lamb,0,0
24604,"Marcus Paramore",Marcus,B.,Paramore,,,2,R,1,Rep,HD-089,44858739,180606,,Marcus_Paramore,0,0
24605,"Rick Rehm",Richard,,Rehm,,Rick,2,R,1,Rep,HD-085,55420781,207112,,Rick_Rehm,0,0
24606,"Chad Robertson",Jerimie,,Robertson,,Chad,2,R,1,Rep,HD-040,55420786,201868,,Chad_Robertson_(Alabama),0,0
24607,"Mike Shaw",Mike,,Shaw,,,2,R,1,Rep,HD-047,56783119,197169,,Mike_Shaw_(Alabama),0,0
24608,"Jerry Starnes",Jerry,,Starnes,,,2,R,1,Rep,HD-088,55420804,143786,,Jerry_Starnes,0,0
24609,"Robert Stewart",Robert,,Stewart,,,1,D,2,Sen,SD-023,55420818,201677,,Robert_Stewart_(Alabama),0,0
24610,"Troy Stubbs",Troy,,Stubbs,,,2,R,1,Rep,HD-031,55420807,199958,,Troy_Stubbs,0,0
24611,"Ontario Tillman",Ontario,,Tillman,,,1,D,1,Rep,HD-056,55420812,201897,,Ontario_Tillman,0,0
24612,"Kerry Underwood",Kerry,,Underwood,,Bubba,2,R,1,Rep,HD-003,55420817,201817,,Kerry_Underwood,0,0
24613,"Matt Woods",Matthew,,Woods,,Matt,2,R,1,Rep,HD-013,55420839,201836,,Matt_Woods,0,0
24614,"Ernie Yarbrough",Ernie,,Yarbrough,,,2,R,1,Rep,HD-007,45831061,201820,,Ernie_Yarbrough,0,0
24794,"Joshua Carnley",Joshua,,Carnley,,Josh,2,R,2,Sen,SD-031,55420662,156773,,Josh_Carnley,797545,0
24796,"Susan DuBose",Susan,,DuBose,,,2,R,1,Rep,HD-045,55420678,201865,,Susan_DuBose,799531,0
24797,"Jennifer Fidler",Jennifer,,Fidler,,,2,R,1,Rep,HD-094,55420693,201831,,Jennifer_Fidler,799388,0
24798,"Donna Givens",Donna,,Givens,,,2,R,1,Rep,HD-064,55420700,201857,,Donna_Givens,799600,0
24799,"Matthew Hammett",Matthew,,Hammett,,,2,R,1,Rep,HD-092,55422931,201833,,Matthew_Hammett,799396,0
24800,"Frances Holk-Jones",Frances,,Holk-Jones,,,2,R,1,Rep,HD-095,55420715,201830,,Frances_Holk-Jones,799378,0
24801,"Keith Kelley",Keith,,Kelley,,,2,R,2,Sen,SD-012,19172578,201804,,Keith_Kelley,797519,0
24802,"James Lomax",James,,Lomax,,,2,R,1,Rep,HD-020,53984573,201840,,James_Lomax,799280,0
24804,"Phillip Rigsby",Phillip,,Rigsby,,,2,R,1,Rep,HD-025,54432910,201847,,Phillip_Rigsby,799287,0
24805,"Patrick Sellers",Patrick,,Sellers,,,1,D,1,Rep,HD-057,46875887,149985,,Patrick_Sellers,498975,0
24806,"Mark Shirey",Mark,,Shirey,,,2,R,1,Rep,HD-100,55420796,180631,,Mark_Shirey,0,0
24807,"Curtis Travis",Curtis,,Travis,,,1,D,1,Rep,HD-072,42893182,201890,,Curtis_Travis,0,0
25162,"Bryan Brinyark",Bryan,,Brinyark,,,2,R,1,Rep,HD-016,59500379,212752,,Bryan_Brinyark,0,0
25163,"Travis Hendrix",Travis,,Hendrix,,,1,D,1,Rep,HD-055,59433457,201900,,Travis_Hendrix,0,0
25188,"Marilyn Lands",Marilyn,,Lands,,,1,D,1,Rep,HD-010,46874379,201880,,Marilyn_Lands,0,0
25223,"Jeana Ross",Jeana,,Ross,,,2,R,1,Rep,HD-027,59997586,214985,,Jeana_Ross,0,0
25433,"Kelvin Datcher",Kelvin,,Datcher,,,1,D,1,Rep,HD-052,59997593,219927,,Kelvin_Datcher,0,0
